Start Time,End Time,Session Type,Session Subtype,Creation Method,Local Time Zone Offset,Activity Score,Intense Duration (ms),Moderate Duration (ms),Max Heart Rate (bpm),Average Heart Rate (bpm),Steps,Calories,Software Version,Software OS,Software OS Version,Active Time (ms),Total Duration (ms),Activity Pause,Session Source
2022-07-18T11:29:11.486Z,2022-07-18T13:11:43.104Z,WORKOUT,RUNNING,Automatic,-6.0,191.76713333333333,5568514.0,360000.0,162.0,141.0,15064.0,1535.0,1.0.118889,ios,15.6,6151618.0,6151618.0,Not Applicable,User Logged
2022-07-18T00:20:44.568Z,2022-07-18T00:54:35.062Z,WORKOUT,RUNNING,Automatic,-6.0,57.01286,1560000.0,300000.0,175.0,141.0,4463.0,496.0,1.0.118889,ios,15.6,2030494.0,2030494.0,Not Applicable,User Logged
2022-07-16T18:57:19.226Z,2022-07-16T19:31:10.404Z,WORKOUT,RUNNING,Automatic,-6.0,58.679566666666666,1680000.0,160774.0,148.0,130.0,4521.0,445.0,1.0.118889,ios,15.6,2031178.0,2031178.0,Not Applicable,User Logged
2022-07-15T22:04:00.000Z,2022-07-15T22:34:00.000Z,WORKOUT,OTHER,Automatic,-6.0,10.55,No Data,600000.0,115.0,92.0,600.0,168.0,1.0.118889,ios,15.6,1800000.0,1800000.0,Not Applicable,User Logged
2022-07-14T12:50:31.751Z,2022-07-14T13:31:22.500Z,WORKOUT,RUNNING,Automatic,-6.0,74.44854083333334,2100000.0,262500.0,166.0,143.0,6084.0,622.0,1.0.118889,ios,15.6,2450749.0,2450749.0,Not Applicable,User Logged
2022-07-13T17:12:44.344Z,2022-07-13T17:34:00.000Z,WORKOUT,OTHER,Automatic,-6.0,8.910933333333334,No Data,495656.0,122.0,93.0,794.0,122.0,1.0.118889,ios,15.6,1275656.0,1275656.0,Not Applicable,User Logged
2022-07-13T16:30:21.362Z,2022-07-13T17:11:12.440Z,WORKOUT,RUNNING,Automatic,-6.0,73.20733333333334,1980000.0,432440.0,172.0,143.0,5199.0,593.0,1.0.118889,ios,15.6,2451078.0,2451078.0,Not Applicable,User Logged
2022-07-13T05:23:29.314Z,2022-07-13T05:37:25.906Z,WORKOUT,WALKING,Automatic,-6.0,0.5755716666666667,No Data,No Data,110.0,87.0,1125.0,89.0,1.0.118889,ios,15.6,836592.0,836592.0,Not Applicable,User Logged
2022-07-12T17:58:11.466Z,2022-07-12T18:09:08.976Z,WORKOUT,WALKING,Automatic,-6.0,1.4,No Data,60000.0,104.0,79.0,775.0,48.0,1.0.118889,ios,15.6,657510.0,657510.0,Not Applicable,User Logged
2022-07-12T16:00:00.000Z,2022-07-12T16:10:00.000Z,WORKOUT,OTHER,Automatic,-6.0,9.0,No Data,540000.0,125.0,115.0,674.0,97.0,1.0.118889,ios,15.6,600000.0,600000.0,Not Applicable,User Logged
2022-07-12T15:21:45.615Z,2022-07-12T15:59:37.701Z,WORKOUT,RUNNING,Automatic,-6.0,68.7403375,1980000.0,157701.0,172.0,149.0,5533.0,608.0,1.0.118889,ios,15.6,2272086.0,2272086.0,Not Applicable,User Logged
2022-07-11T21:12:24.182Z,2022-07-11T21:33:19.401Z,WORKOUT,WALKING,Automatic,-6.0,4.646015833333333,No Data,240000.0,114.0,99.0,1424.0,162.0,1.0.118889,ios,15.6,1255219.0,1255219.0,Not Applicable,User Logged
2022-07-11T19:27:00.000Z,2022-07-11T20:06:00.000Z,WORKOUT,OTHER,Automatic,-6.0,26.4,No Data,1560000.0,132.0,100.0,746.0,304.0,1.0.118889,ios,15.6,2340000.0,2340000.0,Not Applicable,User Logged
2022-07-11T18:55:00.000Z,2022-07-11T19:20:00.000Z,WORKOUT,OTHER,Automatic,-6.0,22.05,No Data,1320000.0,125.0,104.0,1160.0,184.0,1.0.118889,ios,15.6,1500000.0,1500000.0,Not Applicable,User Logged
2022-07-11T18:34:58.908Z,2022-07-11T18:54:54.799Z,WORKOUT,RUNNING,Automatic,-6.0,35.914226666666664,960000.0,234799.0,165.0,147.0,2919.0,316.0,1.0.118889,ios,15.6,1195891.0,1195891.0,Not Applicable,User Logged
2022-07-10T17:12:25.443Z,2022-07-10T17:35:21.364Z,WORKOUT,WALKING,Automatic,-6.0,22.301899999999996,274557.0,780000.0,140.0,125.0,1724.0,272.0,1.0.118889,ios,15.6,1375921.0,1375921.0,Not Applicable,User Logged
2022-07-10T16:46:30.782Z,2022-07-10T17:12:25.405Z,WORKOUT,RUNNING,Automatic,-6.0,47.92118166666667,1405405.0,60000.0,169.0,150.0,3587.0,419.0,1.0.118889,ios,15.6,1554623.0,1554623.0,Not Applicable,User Logged
2022-07-09T17:37:00.000Z,2022-07-09T18:49:00.000Z,WORKOUT,OTHER,Automatic,-6.0,51.95,240000.0,2580000.0,156.0,106.0,2485.0,535.0,1.0.118889,ios,15.6,4320000.0,4320000.0,Not Applicable,User Logged
2022-07-09T16:52:00.000Z,2022-07-09T17:03:00.000Z,WORKOUT,OTHER,Automatic,-6.0,11.05,180000.0,300000.0,151.0,124.0,437.0,106.0,1.0.118889,ios,15.6,660000.0,660000.0,Not Applicable,User Logged
2022-07-09T16:16:06.301Z,2022-07-09T16:51:58.601Z,WORKOUT,RUNNING,Automatic,-6.0,68.00336666666666,2038601.0,No Data,177.0,156.0,5483.0,601.0,1.0.118889,ios,15.6,2152300.0,2152300.0,Not Applicable,User Logged
2022-07-08T20:35:43.703Z,2022-07-08T20:55:39.512Z,WORKOUT,WALKING,Automatic,-6.0,2.763580833333333,No Data,120000.0,123.0,97.0,1214.0,149.0,1.0.118889,ios,15.6,1195809.0,1195809.0,Not Applicable,User Logged
2022-07-08T19:15:02.729Z,2022-07-08T19:55:53.044Z,WORKOUT,WALKING,Automatic,-6.0,6.547725833333334,No Data,300000.0,123.0,86.0,2533.0,242.0,1.0.118889,ios,15.6,2450315.0,2450315.0,Not Applicable,User Logged
2022-07-08T16:34:41.433Z,2022-07-08T17:07:32.604Z,WORKOUT,RUNNING,Automatic,-6.0,65.7057,1971171.0,No Data,178.0,167.0,5100.0,622.0,1.0.118889,ios,15.6,1971171.0,1971171.0,Not Applicable,User Logged
2022-06-17T04:54:10.702Z,2022-06-17T05:18:04.344Z,WORKOUT,RUNNING,Automatic,-5.0,41.16348166666667,1140000.0,184344.0,134.0,122.0,3311.0,289.0,1.0.114475,ios,15.6,1433642.0,1433642.0,Not Applicable,User Logged
2022-06-16T23:48:00.936Z,2022-06-17T00:30:00.000Z,WORKOUT,OTHER,Automatic,-5.0,14.99922,No Data,840000.0,121.0,84.0,1038.0,191.0,1.0.114475,ios,15.6,2519064.0,2519064.0,Not Applicable,User Logged
2022-06-16T22:22:00.000Z,2022-06-16T22:53:00.000Z,WORKOUT,OTHER,Automatic,-5.0,14.6,No Data,840000.0,126.0,94.0,434.0,138.0,1.0.114475,ios,15.6,1860000.0,1860000.0,Not Applicable,User Logged
2022-06-16T04:01:00.000Z,2022-06-16T04:31:00.000Z,WORKOUT,OTHER,Automatic,-5.0,9.0,No Data,480000.0,112.0,87.0,713.0,136.0,1.0.114475,ios,15.6,1800000.0,1800000.0,Not Applicable,User Logged
2022-06-16T02:31:00.722Z,2022-06-16T03:00:52.406Z,WORKOUT,RUNNING,Automatic,-5.0,56.796265000000005,1672406.0,60000.0,146.0,134.0,4402.0,415.0,1.0.114475,ios,15.6,1791684.0,1791684.0,Not Applicable,User Logged
2022-06-15T22:51:00.000Z,2022-06-15T23:38:00.000Z,WORKOUT,OTHER,Automatic,-5.0,18.2,No Data,1020000.0,125.0,88.0,1230.0,178.0,1.0.114475,ios,15.6,2820000.0,2820000.0,Not Applicable,User Logged
2022-06-13T19:42:00.000Z,2022-06-13T20:13:00.000Z,WORKOUT,OTHER,Automatic,-5.0,8.7,No Data,480000.0,112.0,91.0,921.0,164.0,1.0.114475,ios,15.6,1860000.0,1860000.0,Not Applicable,User Logged
2022-06-12T17:41:00.000Z,2022-06-12T18:07:00.000Z,WORKOUT,OTHER,Automatic,-5.0,6.9,No Data,360000.0,111.0,95.0,814.0,117.0,1.0.114475,ios,15.6,1560000.0,1560000.0,Not Applicable,User Logged
2022-06-12T16:55:36.194Z,2022-06-12T17:28:28.047Z,WORKOUT,RUNNING,Automatic,-5.0,63.864216666666664,1860000.0,111853.0,167.0,150.0,5061.0,538.0,1.0.114475,ios,15.6,1971853.0,1971853.0,Not Applicable,User Logged
2022-06-11T20:45:19.195Z,2022-06-11T20:56:17.004Z,WORKOUT,WALKING,Automatic,-5.0,3.3840041666666667,No Data,180000.0,113.0,91.0,913.0,77.0,1.0.114475,ios,15.6,657809.0,657809.0,Not Applicable,User Logged
2022-06-11T16:43:00.000Z,2022-06-11T16:56:00.000Z,WORKOUT,OTHER,Automatic,-5.0,14.1,300000.0,240000.0,149.0,118.0,224.0,94.0,1.0.114475,ios,15.6,780000.0,780000.0,Not Applicable,User Logged
2022-06-10T21:25:00.000Z,2022-06-10T21:40:00.000Z,WORKOUT,OTHER,Automatic,-5.0,9.2,No Data,540000.0,118.0,101.0,195.0,82.0,1.0.114475,ios,15.6,900000.0,900000.0,Not Applicable,User Logged
2022-06-10T16:57:16.288Z,2022-06-10T17:16:11.595Z,WORKOUT,WALKING,Automatic,-5.0,0.7096625000000001,No Data,No Data,105.0,85.0,1140.0,112.0,1.0.114475,ios,15.6,1135307.0,1135307.0,Not Applicable,User Logged
2022-06-10T12:34:13.628Z,2022-06-10T12:53:08.867Z,WORKOUT,WALKING,Automatic,-5.0,17.822866666666666,60000.0,946372.0,142.0,116.0,1412.0,201.0,1.0.114475,ios,15.6,1135239.0,1135239.0,Not Applicable,User Logged
2022-06-10T11:30:31.296Z,2022-06-10T12:34:13.612Z,WORKOUT,RUNNING,Automatic,-5.0,123.25078666666667,3600000.0,193612.0,170.0,154.0,9843.0,1145.0,1.0.114475,ios,15.6,3822316.0,3822316.0,Not Applicable,User Logged
2022-06-08T04:11:34.259Z,2022-06-08T04:46:24.522Z,WORKOUT,RUNNING,Automatic,-5.0,58.17145083333333,1620000.0,240000.0,140.0,124.0,4611.0,457.0,1.0.114475,ios,15.6,2090263.0,2090263.0,Not Applicable,User Logged
2022-06-06T13:11:57.816Z,2022-06-06T13:23:00.000Z,WORKOUT,OTHER,Automatic,-5.0,6.236400000000001,No Data,362184.0,107.0,96.0,430.0,67.0,1.0.113437,ios,15.6,662184.0,662184.0,Not Applicable,User Logged
2022-06-06T12:16:03.186Z,2022-06-06T13:09:48.263Z,WORKOUT,RUNNING,Automatic,-5.0,100.85438333333333,2940000.0,168263.0,156.0,143.0,8185.0,866.0,1.0.113437,ios,15.6,3225077.0,3225077.0,Not Applicable,User Logged
2022-06-05T21:33:00.000Z,2022-06-05T22:02:00.000Z,WORKOUT,OTHER,Automatic,-5.0,7.7,No Data,420000.0,130.0,86.0,753.0,147.0,1.0.113437,ios,15.6,1740000.0,1740000.0,Not Applicable,User Logged
2022-06-05T19:31:55.042Z,2022-06-05T20:15:45.549Z,WORKOUT,WALKING,Automatic,-5.0,33.62059083333333,No Data,1984958.0,119.0,107.0,3936.0,428.0,1.0.113437,ios,15.6,2630507.0,2630507.0,Not Applicable,User Logged
2022-06-05T19:06:01.946Z,2022-06-05T19:31:55.040Z,WORKOUT,RUNNING,Automatic,-5.0,48.852466666666665,1378054.0,175040.0,155.0,147.0,3921.0,439.0,1.0.113437,ios,15.6,1553094.0,1553094.0,Not Applicable,User Logged
2022-06-04T13:59:58.608Z,2022-06-04T15:09:38.904Z,WORKOUT,RUNNING,Automatic,-5.0,135.6716,3960000.0,220296.0,170.0,154.0,10524.0,1238.0,1.0.113437,ios,15.6,4180296.0000000005,4180296.0000000005,Not Applicable,User Logged
2022-06-03T13:18:00.000Z,2022-06-03T13:51:00.000Z,WORKOUT,OTHER,Automatic,-5.0,28.25,No Data,1680000.0,123.0,100.0,1195.0,198.0,1.0.113437,ios,15.6,1980000.0,1980000.0,Not Applicable,User Logged
2022-06-03T12:41:52.065Z,2022-06-03T13:17:56.102Z,WORKOUT,RUNNING,Automatic,-5.0,66.99164583333334,1920000.0,176102.0,165.0,149.0,5326.0,607.0,1.0.113437,ios,15.6,2164037.0,2164037.0,Not Applicable,User Logged
2022-05-31T12:34:00.000Z,2022-05-31T13:18:00.000Z,WORKOUT,OTHER,Automatic,-5.0,24.85,No Data,1440000.0,117.0,94.0,1645.0,253.0,1.0.113437,ios,15.6,2640000.0,2640000.0,Not Applicable,User Logged
2022-05-31T11:44:50.558Z,2022-05-31T12:33:30.765Z,WORKOUT,RUNNING,Automatic,-5.0,92.57061833333333,2700000.0,150765.0,164.0,146.0,7446.0,807.0,1.0.113437,ios,15.6,2920207.0,2920207.0,Not Applicable,User Logged
2022-05-30T18:22:39.015Z,2022-05-30T18:34:37.194Z,WORKOUT,WALKING,Automatic,-5.0,10.96965,No Data,658179.0,126.0,114.0,822.0,117.0,1.0.113437,ios,15.6,718179.0,718179.0,Not Applicable,User Logged
2022-05-30T17:47:51.460Z,2022-05-30T18:22:38.941Z,WORKOUT,RUNNING,Automatic,-5.0,65.64901666666667,1860000.0,218941.0,172.0,155.0,5246.0,630.0,1.0.113437,ios,15.6,2087481.0000000002,2087481.0000000002,Not Applicable,User Logged
2022-05-29T17:13:26.436Z,2022-05-29T17:45:47.281Z,WORKOUT,WALKING,Automatic,-5.0,1.3673708333333334,No Data,No Data,79.0,63.0,2103.0,107.0,1.0.113437,ios,15.6,1940845.0,1940845.0,Not Applicable,User Logged
2022-05-28T16:45:00.000Z,2022-05-28T17:19:00.000Z,WORKOUT,OTHER,Automatic,-5.0,16.7,No Data,960000.0,120.0,96.0,1174.0,177.0,1.0.113437,ios,15.6,2040000.0,2040000.0,Not Applicable,User Logged
2022-05-28T16:02:04.390Z,2022-05-28T16:33:58.828Z,WORKOUT,RUNNING,Automatic,-5.0,62.88776666666667,1858828.0,55610.0,172.0,161.0,5019.0,600.0,1.0.113437,ios,15.6,1914438.0,1914438.0,Not Applicable,User Logged
2022-05-27T19:46:00.000Z,2022-05-27T20:19:00.000Z,WORKOUT,OTHER,Automatic,-5.0,19.4,No Data,1140000.0,117.0,97.0,1296.0,212.0,1.0.113437,ios,15.6,1980000.0,1980000.0,Not Applicable,User Logged
2022-05-27T19:13:00.000Z,2022-05-27T19:36:00.000Z,WORKOUT,OTHER,Automatic,-5.0,13.25,No Data,780000.0,123.0,100.0,434.0,114.0,1.0.113437,ios,15.6,1380000.0,1380000.0,Not Applicable,User Logged
2022-05-27T16:42:07.175Z,2022-05-27T17:13:05.189Z,WORKOUT,RUNNING,Automatic,-5.0,59.13050416666667,1740000.0,65189.0,165.0,145.0,4396.0,502.0,1.0.113437,ios,15.6,1858014.0,1858014.0,Not Applicable,User Logged
2022-05-25T12:18:57.257Z,2022-05-25T13:27:42.661Z,WORKOUT,RUNNING,Automatic,-5.0,130.7133025,3720000.0,402661.0,166.0,146.0,10194.0,1137.0,1.0.113437,ios,15.6,4125404.0000000005,4125404.0000000005,Not Applicable,User Logged
2022-05-25T01:28:01.885Z,2022-05-25T01:38:42.698Z,WORKOUT,WALKING,Automatic,-5.0,1.4840108333333333,No Data,60000.0,105.0,88.0,753.0,72.0,1.0.113437,ios,15.6,640813.0,640813.0,Not Applicable,User Logged
2022-05-24T05:01:39.254Z,2022-05-24T05:30:50.259Z,WORKOUT,RUNNING,Automatic,-5.0,56.69258833333333,1670259.0,60000.0,147.0,137.0,4420.0,437.0,1.0.113437,ios,15.5,1751005.0,1751005.0,Not Applicable,User Logged
2022-05-17T18:49:50.296Z,2022-05-17T19:00:13.155Z,WORKOUT,WALKING,Automatic,-5.0,9.272695833333334,60000.0,429704.0,140.0,110.0,747.0,81.0,1.0.111055,ios,15.5,622859.0,622859.0,Not Applicable,User Logged
2022-05-17T18:29:28.161Z,2022-05-17T18:40:02.812Z,WORKOUT,WALKING,Automatic,-5.0,9.123399166666667,No Data,542812.0,117.0,105.0,679.0,85.0,1.0.111055,ios,15.5,634651.0,634651.0,Not Applicable,User Logged
2022-05-17T12:05:49.522Z,2022-05-17T13:15:35.757Z,WORKOUT,RUNNING,Automatic,-5.0,132.77058333333332,3780000.0,406235.0,166.0,148.0,10599.0,1207.0,1.0.111055,ios,15.5,4186234.9999999995,4186234.9999999995,Not Applicable,User Logged
2022-05-16T12:58:00.000Z,2022-05-16T13:28:00.000Z,WORKOUT,OTHER,Automatic,-5.0,15.75,No Data,900000.0,128.0,95.0,1139.0,176.0,1.0.109384,ios,15.5,1800000.0,1800000.0,Not Applicable,User Logged
2022-05-16T12:23:31.664Z,2022-05-16T12:57:25.502Z,WORKOUT,RUNNING,Automatic,-5.0,62.8973,1740000.0,293838.0,166.0,143.0,4899.0,549.0,1.0.109384,ios,15.5,2033838.0,2033838.0,Not Applicable,User Logged
2022-05-15T17:15:48.403Z,2022-05-15T17:36:09.259Z,WORKOUT,WALKING,Automatic,-5.0,9.55,No Data,540000.0,114.0,89.0,1968.0,157.0,1.0.109384,ios,15.5,1220856.0,1220856.0,Not Applicable,User Logged
2022-05-15T16:13:34.640Z,2022-05-15T16:46:25.932Z,WORKOUT,WALKING,Automatic,-5.0,12.85,No Data,720000.0,109.0,85.0,2711.0,231.0,1.0.109384,ios,15.5,1971292.0,1971292.0,Not Applicable,User Logged
2022-05-14T20:14:48.827Z,2022-05-14T21:02:56.439Z,WORKOUT,WALKING,Automatic,-5.0,11.709310833333333,No Data,600000.0,111.0,86.0,3248.0,287.0,1.0.109384,ios,15.5,2887612.0,2887612.0,Not Applicable,User Logged
2022-05-14T16:19:14.306Z,2022-05-14T16:55:11.635Z,WORKOUT,RUNNING,Automatic,-5.0,64.95548333333333,1740000.0,417329.0,143.0,127.0,4983.0,480.0,1.0.109384,ios,15.5,2157329.0,2157329.0,Not Applicable,User Logged
2022-05-13T04:56:33.816Z,2022-05-13T05:54:32.975Z,WORKOUT,RUNNING,Automatic,-5.0,113.57140333333334,3360000.0,92975.0,150.0,143.0,8881.0,954.0,1.0.109384,ios,15.5,3479159.0,3479159.0,Not Applicable,User Logged
2022-05-12T14:02:14.618Z,2022-05-12T14:17:16.820Z,WORKOUT,WALKING,Automatic,-5.0,0.601835,No Data,No Data,93.0,70.0,971.0,66.0,1.0.109384,ios,15.5,902202.0,902202.0,Not Applicable,User Logged
2022-05-11T13:17:00.000Z,2022-05-11T13:46:00.000Z,WORKOUT,OTHER,Automatic,-5.0,11.85,60000.0,540000.0,143.0,90.0,1050.0,139.0,1.0.109384,ios,15.5,1740000.0,1740000.0,Not Applicable,User Logged
2022-05-11T12:20:11.464Z,2022-05-11T13:16:23.827Z,WORKOUT,RUNNING,Automatic,-5.0,105.20605,2940000.0,432363.0,163.0,141.0,8477.0,907.0,1.0.109384,ios,15.5,3372363.0,3372363.0,Not Applicable,User Logged
2022-05-09T12:40:54.825Z,2022-05-09T13:12:06.235Z,WORKOUT,RUNNING,Automatic,-5.0,60.15822916666667,1800000.0,6235.0,153.0,139.0,4948.0,499.0,1.0.109384,ios,15.5,1871410.0,1871410.0,Not Applicable,User Logged
2022-05-08T20:52:22.215Z,2022-05-08T21:09:48.288Z,WORKOUT,WALKING,Automatic,-5.0,0.8217275000000002,No Data,No Data,102.0,78.0,1069.0,84.0,1.0.109384,ios,15.5,1046073.0000000001,1046073.0000000001,Not Applicable,User Logged
2022-05-08T19:40:19.123Z,2022-05-08T19:51:46.208Z,WORKOUT,WALKING,Automatic,-5.0,4.322570833333334,No Data,240000.0,106.0,95.0,702.0,83.0,1.0.109384,ios,15.5,687085.0,687085.0,Not Applicable,User Logged
2022-05-08T18:54:21.327Z,2022-05-08T19:27:16.651Z,WORKOUT,RUNNING,Automatic,-5.0,54.35974416666667,1380000.0,496651.0,167.0,142.0,4400.0,531.0,1.0.109384,ios,15.5,1975324.0,1975324.0,Not Applicable,User Logged
2022-05-07T22:26:35.963Z,2022-05-07T22:39:14.976Z,WORKOUT,WALKING,Automatic,-5.0,0.5700308333333334,No Data,No Data,102.0,87.0,870.0,69.0,1.0.109384,ios,15.5,759013.0,759013.0,Not Applicable,User Logged
2022-05-07T19:08:26.827Z,2022-05-07T19:20:36.818Z,WORKOUT,WALKING,Automatic,-5.0,10.602883333333335,No Data,633173.0,119.0,108.0,772.0,110.0,1.0.109384,ios,15.5,729991.0,729991.0,Not Applicable,User Logged
2022-05-07T18:37:27.839Z,2022-05-07T19:06:17.919Z,WORKOUT,RUNNING,Automatic,-5.0,55.834666666666664,1620000.0,110080.0,167.0,150.0,4271.0,506.0,1.0.109384,ios,15.5,1730080.0,1730080.0,Not Applicable,User Logged
2022-05-07T04:38:38.041Z,2022-05-07T04:52:34.797Z,WORKOUT,WALKING,Automatic,-5.0,10.394980833333333,No Data,621959.0,107.0,91.0,1120.0,111.0,1.0.109384,ios,15.5,836756.0,836756.0,Not Applicable,User Logged
2022-05-07T04:11:45.402Z,2022-05-07T04:38:38.034Z,WORKOUT,RUNNING,Automatic,-5.0,49.646065,1380000.0,218034.0,140.0,131.0,4124.0,384.0,1.0.109384,ios,15.5,1612632.0,1612632.0,Not Applicable,User Logged
2022-05-07T01:37:20.042Z,2022-05-07T01:47:54.319Z,WORKOUT,WALKING,Automatic,-5.0,0.43329833333333334,No Data,No Data,102.0,84.0,741.0,64.0,1.0.109384,ios,15.5,634277.0,634277.0,Not Applicable,User Logged
2022-05-06T17:10:00.000Z,2022-05-06T17:32:00.000Z,WORKOUT,OTHER,Automatic,-5.0,11.4,No Data,660000.0,118.0,100.0,936.0,142.0,1.0.109384,ios,15.5,1320000.0,1320000.0,Not Applicable,User Logged
2022-05-06T12:06:17.433Z,2022-05-06T13:08:43.318Z,WORKOUT,RUNNING,Automatic,-5.0,124.15338333333334,3703318.0,42567.0,171.0,148.0,9918.0,1093.0,1.0.109384,ios,15.5,3745885.0,3745885.0,Not Applicable,User Logged
2022-05-05T12:23:31.677Z,2022-05-05T13:08:27.310Z,WORKOUT,RUNNING,Automatic,-5.0,88.38238333333332,2607310.0,88323.0,169.0,151.0,7183.0,799.0,1.0.109384,ios,15.4,2695633.0,2695633.0,Not Applicable,User Logged
2022-05-04T00:52:26.483Z,2022-05-04T01:05:28.179Z,WORKOUT,WALKING,Automatic,-5.0,6.3014133333333335,No Data,360000.0,132.0,95.0,824.0,111.0,1.0.109384,ios,15.4,781696.0,781696.0,Not Applicable,User Logged
2022-05-03T05:31:53.838Z,2022-05-03T06:02:09.578Z,WORKOUT,RUNNING,Automatic,-5.0,57.164768333333335,1620000.0,189578.0,149.0,135.0,4396.0,448.0,1.0.109384,ios,15.4,1815740.0,1815740.0,Not Applicable,User Logged
2022-05-01T18:53:59.540Z,2022-05-01T19:14:25.062Z,WORKOUT,WALKING,Automatic,-5.0,19.078551666666666,No Data,1140460.0,116.0,107.0,1984.0,211.0,1.0.109384,ios,15.4,1225522.0,1225522.0,Not Applicable,User Logged
2022-05-01T18:21:06.729Z,2022-05-01T18:52:59.706Z,WORKOUT,RUNNING,Automatic,-5.0,60.88295,1740000.0,172977.0,170.0,155.0,4941.0,592.0,1.0.109384,ios,15.4,1912977.0,1912977.0,Not Applicable,User Logged
2022-05-01T17:03:24.411Z,2022-05-01T17:19:20.732Z,WORKOUT,WALKING,Automatic,-5.0,2.5296575,No Data,120000.0,122.0,85.0,1011.0,102.0,1.0.109384,ios,15.4,956321.0,956321.0,Not Applicable,User Logged
2022-04-30T19:02:30.311Z,2022-04-30T19:37:57.984Z,WORKOUT,WALKING,Automatic,-5.0,36.461216666666665,120000.0,1947673.0,171.0,118.0,3300.0,406.0,1.0.109384,ios,15.4,2127673.0,2127673.0,Not Applicable,User Logged
2022-04-30T18:36:37.435Z,2022-04-30T19:02:30.311Z,WORKOUT,RUNNING,Automatic,-5.0,47.523987500000004,1320000.0,210311.0,175.0,159.0,3942.0,496.0,1.0.109384,ios,15.4,1552876.0,1552876.0,Not Applicable,User Logged
2022-04-29T12:22:09.276Z,2022-04-29T13:31:35.734Z,WORKOUT,RUNNING,Automatic,-5.0,132.44096666666667,3780000.0,386458.0,160.0,145.0,10435.0,1170.0,1.0.109384,ios,15.4,4166457.9999999995,4166457.9999999995,Not Applicable,User Logged
2022-04-29T05:10:30.201Z,2022-04-29T05:40:37.639Z,WORKOUT,RUNNING,Automatic,-5.0,54.65214916666667,1500000.0,277639.0,146.0,134.0,4213.0,454.0,1.0.109384,ios,15.4,1807438.0,1807438.0,Not Applicable,User Logged
2022-04-28T13:23:00.000Z,2022-04-28T13:48:00.000Z,WORKOUT,OTHER,Automatic,-5.0,14.55,No Data,840000.0,105.0,93.0,1254.0,139.0,1.0.109384,ios,15.4,1500000.0,1500000.0,Not Applicable,User Logged
2022-04-28T12:48:29.739Z,2022-04-28T13:22:47.232Z,WORKOUT,RUNNING,Automatic,-5.0,60.543710000000004,1680000.0,270261.0,162.0,143.0,4922.0,558.0,1.0.109384,ios,15.4,2057493.0,2057493.0,Not Applicable,User Logged
2022-04-27T19:46:00.000Z,2022-04-27T19:57:00.000Z,WORKOUT,OTHER,Automatic,-5.0,10.1,60000.0,480000.0,140.0,103.0,439.0,82.0,1.0.109384,ios,15.4,660000.0,660000.0,Not Applicable,User Logged
2022-04-27T13:10:33.603Z,2022-04-27T13:38:00.000Z,WORKOUT,OTHER,Automatic,-5.0,6.8719975,No Data,360000.0,109.0,90.0,1144.0,121.0,1.0.109384,ios,15.4,1646397.0,1646397.0,Not Applicable,User Logged
2022-04-27T12:23:09.475Z,2022-04-27T13:00:23.969Z,WORKOUT,RUNNING,Automatic,-5.0,66.9120575,1920000.0,170525.0,165.0,145.0,5404.0,612.0,1.0.109384,ios,15.4,2234494.0,2234494.0,Not Applicable,User Logged
2022-04-25T12:27:32.929Z,2022-04-25T13:03:35.741Z,WORKOUT,RUNNING,Automatic,-5.0,60.12255916666667,1620000.0,360000.0,166.0,140.0,5086.0,565.0,1.0.107826,ios,15.4,2162812.0,2162812.0,Not Applicable,User Logged
2022-04-24T20:12:02.337Z,2022-04-24T20:47:37.482Z,WORKOUT,RUNNING,Automatic,-5.0,62.672752499999994,1680000.0,397482.0,141.0,127.0,4918.0,485.0,1.0.107826,ios,15.4,2135145.0,2135145.0,Not Applicable,User Logged
2022-04-23T05:57:36.270Z,2022-04-23T06:29:02.484Z,WORKOUT,RUNNING,Automatic,-5.0,58.061175000000006,1620000.0,242484.0,145.0,134.0,4585.0,470.0,1.0.107826,ios,15.4,1886214.0,1886214.0,Not Applicable,User Logged
2022-04-22T04:25:46.584Z,2022-04-22T04:57:41.491Z,WORKOUT,RUNNING,Automatic,-5.0,57.74151666666666,1620000.0,221491.0,144.0,130.0,4626.0,455.0,1.0.107826,ios,15.4,1914907.0,1914907.0,Not Applicable,User Logged
2022-04-21T12:59:00.000Z,2022-04-21T13:27:00.000Z,WORKOUT,OTHER,Automatic,-5.0,23.2,No Data,1380000.0,115.0,98.0,1124.0,176.0,1.0.107826,ios,15.4,1680000.0,1680000.0,Not Applicable,User Logged
2022-04-21T12:23:29.044Z,2022-04-21T12:58:35.262Z,WORKOUT,RUNNING,Automatic,-5.0,63.713496666666664,1860000.0,95262.0,173.0,150.0,4952.0,616.0,1.0.107826,ios,15.4,2106218.0,2106218.0,Not Applicable,User Logged
2022-04-19T13:13:00.000Z,2022-04-19T13:46:00.000Z,WORKOUT,OTHER,Automatic,-5.0,12.85,No Data,720000.0,120.0,93.0,1510.0,177.0,1.0.107826,ios,15.4,1980000.0,1980000.0,Not Applicable,User Logged
2022-04-19T12:13:38.960Z,2022-04-19T13:02:46.774Z,WORKOUT,RUNNING,Automatic,-5.0,96.9098,2866774.0,81040.0,168.0,151.0,7840.0,895.0,1.0.107826,ios,15.4,2947814.0,2947814.0,Not Applicable,User Logged
2022-04-18T12:44:00.000Z,2022-04-18T13:17:00.000Z,WORKOUT,OTHER,Automatic,-5.0,16.85,No Data,960000.0,117.0,96.0,1501.0,178.0,1.0.107826,ios,15.4,1980000.0,1980000.0,Not Applicable,User Logged
2022-04-18T12:09:17.368Z,2022-04-18T12:43:26.749Z,WORKOUT,RUNNING,Automatic,-5.0,62.481343333333335,1740000.0,266749.0,168.0,147.0,4948.0,583.0,1.0.107826,ios,15.4,2049380.9999999998,2049380.9999999998,Not Applicable,User Logged
2022-04-17T17:12:26.888Z,2022-04-17T17:46:36.214Z,WORKOUT,RUNNING,Automatic,-5.0,62.63116,1740000.0,276214.0,148.0,131.0,4850.0,497.0,1.0.107826,ios,15.4,2049326.0,2049326.0,Not Applicable,User Logged
2022-04-03T22:34:10.068Z,2022-04-03T23:50:01.210Z,WORKOUT,WALKING,Automatic,-4.0,14.642618333333333,No Data,720000.0,117.0,96.0,6242.0,647.0,1.0.106045,ios,15.4,4551142.0,4551142.0,Not Applicable,User Logged
2022-04-03T22:34:10.068Z,2022-04-03T23:50:01.210Z,WORKOUT,WALKING,Automatic,-4.0,14.642618333333333,No Data,720000.0,117.0,96.0,6242.0,647.0,1.0.106045,ios,15.4,4551142.0,4551142.0,Not Applicable,User Logged
2022-04-03T17:56:38.541Z,2022-04-03T18:32:15.299Z,WORKOUT,WALKING,Automatic,-4.0,25.280631666666668,No Data,1500000.0,119.0,103.0,2708.0,335.0,1.0.106045,ios,15.4,2136758.0,2136758.0,Not Applicable,User Logged
2022-04-03T17:00:51.274Z,2022-04-03T17:44:09.296Z,WORKOUT,WALKING,Automatic,-4.0,38.45318,60000.0,2168726.0,136.0,112.0,4404.0,491.0,1.0.106045,ios,15.4,2598022.0,2598022.0,Not Applicable,User Logged
2022-04-03T16:44:00.000Z,2022-04-03T17:07:00.000Z,WORKOUT,OTHER,Automatic,-4.0,21.15,180000.0,900000.0,161.0,113.0,1566.0,195.0,1.0.106045,ios,15.4,1380000.0,1380000.0,Not Applicable,User Logged
2022-04-03T15:20:03.046Z,2022-04-03T16:28:35.501Z,WORKOUT,RUNNING,Automatic,-4.0,132.54091666666667,3840000.0,272455.0,174.0,159.0,10553.0,1317.0,1.0.106045,ios,15.4,4112455.0,4112455.0,Not Applicable,User Logged
2022-04-03T01:06:29.875Z,2022-04-03T01:55:50.011Z,WORKOUT,WALKING,Automatic,-4.0,3.0751041666666667,No Data,60000.0,101.0,77.0,3131.0,283.0,1.0.106045,ios,15.4,2960136.0,2960136.0,Not Applicable,User Logged
2022-04-03T00:25:30.128Z,2022-04-03T00:54:29.621Z,WORKOUT,WALKING,Automatic,-4.0,1.2748933333333334,No Data,No Data,96.0,65.0,2315.0,122.0,1.0.106045,ios,15.4,1739493.0,1739493.0,Not Applicable,User Logged
2022-04-02T22:52:51.405Z,2022-04-02T23:04:25.462Z,WORKOUT,WALKING,Automatic,-4.0,0.5283808333333333,No Data,No Data,87.0,72.0,723.0,47.0,1.0.106045,ios,15.4,694057.0,694057.0,Not Applicable,User Logged
2022-04-02T07:19:33.709Z,2022-04-02T08:20:47.738Z,WORKOUT,RUNNING,Automatic,-4.0,113.8675425,3240000.0,347738.0,148.0,138.0,9022.0,968.0,1.0.106045,ios,15.4,3674029.0,3674029.0,Not Applicable,User Logged
2022-03-31T04:37:08.390Z,2022-03-31T05:09:20.009Z,WORKOUT,RUNNING,Automatic,-5.0,60.376491666666666,1740000.0,140009.0,152.0,139.0,4744.0,450.0,1.0.106045,ios,15.4,1931619.0,1931619.0,Not Applicable,User Logged
2022-03-27T19:25:00.000Z,2022-03-27T19:52:00.000Z,WORKOUT,OTHER,Automatic,-5.0,29.25,420000.0,900000.0,167.0,116.0,2311.0,248.0,1.0.106045,ios,15.4,1620000.0,1620000.0,Not Applicable,User Logged
2022-03-27T18:51:52.158Z,2022-03-27T19:07:49.569Z,WORKOUT,WALKING,Automatic,-5.0,13.1807,No Data,787842.0,118.0,104.0,1468.0,137.0,1.0.106045,ios,15.4,957411.0,957411.0,Not Applicable,User Logged
2022-03-27T18:17:59.933Z,2022-03-27T18:51:52.158Z,WORKOUT,RUNNING,Automatic,-5.0,62.919355833333334,1800000.0,172158.0,170.0,150.0,5142.0,538.0,1.0.106045,ios,15.4,2032225.0,2032225.0,Not Applicable,User Logged
2022-03-26T19:42:00.000Z,2022-03-26T20:13:00.000Z,WORKOUT,OTHER,Automatic,-5.0,9.75,No Data,540000.0,111.0,93.0,836.0,132.0,1.0.106045,ios,15.4,1860000.0,1860000.0,Not Applicable,User Logged
2022-03-26T17:13:07.043Z,2022-03-26T18:14:15.717Z,WORKOUT,RUNNING,Automatic,-5.0,120.40651666666666,3555717.0,112957.0,174.0,152.0,9398.0,971.0,1.0.106045,ios,15.4,3668674.0,3668674.0,Not Applicable,User Logged
2022-03-25T05:33:01.623Z,2022-03-25T06:05:45.269Z,WORKOUT,RUNNING,Automatic,-5.0,58.803130833333334,1620000.0,285269.0,145.0,132.0,4585.0,426.0,1.0.104402,ios,15.4,1963646.0,1963646.0,Not Applicable,User Logged
2022-03-23T04:44:42.807Z,2022-03-23T05:16:36.365Z,WORKOUT,RUNNING,Automatic,-5.0,59.65608333333333,1740000.0,96365.0,151.0,135.0,4751.0,422.0,1.0.104402,ios,15.4,1913558.0,1913558.0,Not Applicable,User Logged
2022-03-20T19:46:00.000Z,2022-03-20T20:06:00.000Z,WORKOUT,OTHER,Automatic,-5.0,12.3,No Data,720000.0,119.0,97.0,646.0,87.0,1.0.104402,ios,15.4,1200000.0,1200000.0,Not Applicable,User Logged
2022-03-20T18:21:34.674Z,2022-03-20T19:22:35.074Z,WORKOUT,RUNNING,Automatic,-5.0,119.60567166666667,3540000.0,95074.0,171.0,151.0,9439.0,963.0,1.0.104402,ios,15.4,3660400.0,3660400.0,Not Applicable,User Logged
2022-03-20T16:41:49.501Z,2022-03-20T16:53:08.661Z,WORKOUT,WALKING,Automatic,-5.0,0.4587491666666667,No Data,No Data,102.0,82.0,718.0,50.0,1.0.104402,ios,15.4,679160.0,679160.0,Not Applicable,User Logged
2022-03-19T21:49:00.000Z,2022-03-19T22:01:00.000Z,WORKOUT,OTHER,Automatic,-5.0,8.2,No Data,480000.0,128.0,99.0,636.0,51.0,1.0.104402,ios,15.4,720000.0,720000.0,Not Applicable,User Logged
2022-03-19T17:28:22.877Z,2022-03-19T18:30:42.606Z,WORKOUT,RUNNING,Automatic,-5.0,122.45113583333332,3642606.0,60000.0,171.0,151.0,9386.0,982.0,1.0.104402,ios,15.4,3739729.0,3739729.0,Not Applicable,User Logged
2022-03-18T05:18:44.254Z,2022-03-18T05:30:52.384Z,WORKOUT,WALKING,Automatic,-5.0,2.363121666666667,No Data,120000.0,106.0,83.0,790.0,62.0,1.0.104402,ios,15.4,728130.0,728130.0,Not Applicable,User Logged
2022-03-18T04:12:12.427Z,2022-03-18T04:41:50.095Z,WORKOUT,RUNNING,Automatic,-5.0,55.874560833333334,1620000.0,110095.0,161.0,146.0,4512.0,442.0,1.0.104402,ios,15.4,1777668.0,1777668.0,Not Applicable,User Logged
2022-03-14T04:00:14.879Z,2022-03-14T04:31:21.706Z,WORKOUT,RUNNING,Automatic,-5.0,61.11378333333333,1800000.0,66827.0,144.0,133.0,4763.0,443.0,1.0.103791,ios,15.4,1866827.0,1866827.0,Not Applicable,User Logged
2022-03-13T19:23:29.109Z,2022-03-13T19:34:43.674Z,WORKOUT,WALKING,Automatic,-5.0,3.286395,No Data,180000.0,112.0,79.0,759.0,62.0,1.0.103791,ios,15.4,674565.0,674565.0,Not Applicable,User Logged
2022-03-12T17:25:00.000Z,2022-03-12T18:06:00.000Z,WORKOUT,OTHER,Automatic,-6.0,15.2,No Data,840000.0,118.0,88.0,1363.0,190.0,1.0.103791,ios,15.4,2460000.0,2460000.0,Not Applicable,User Logged
2022-03-12T01:01:00.000Z,2022-03-12T01:15:00.000Z,WORKOUT,OTHER,Automatic,-6.0,8.3,No Data,480000.0,113.0,92.0,476.0,57.0,1.0.103791,ios,15.4,840000.0,840000.0,Not Applicable,User Logged
2022-03-11T12:52:06.666Z,2022-03-11T14:03:45.429Z,WORKOUT,RUNNING,Automatic,-6.0,131.094445,3780000.0,300000.0,168.0,147.0,10754.0,1157.0,1.0.103791,ios,15.4,4298763.0,4298763.0,Not Applicable,User Logged
2022-03-09T06:13:38.585Z,2022-03-09T06:44:04.389Z,WORKOUT,RUNNING,Automatic,-6.0,60.09099583333333,1800000.0,4389.0,162.0,150.0,4615.0,506.0,1.0.103791,ios,15.4,1825804.0,1825804.0,Not Applicable,User Logged
2022-03-07T01:40:53.652Z,2022-03-07T01:51:24.293Z,WORKOUT,WALKING,Automatic,-6.0,2.4255341666666665,No Data,120000.0,115.0,85.0,721.0,59.0,1.0.103791,ios,15.4,630641.0,630641.0,Not Applicable,User Logged
2022-03-06T15:56:55.360Z,2022-03-06T16:36:34.693Z,WORKOUT,WALKING,Automatic,-6.0,15.203866666666666,No Data,840000.0,137.0,106.0,3131.0,356.0,1.0.103791,ios,15.4,2379333.0,2379333.0,Not Applicable,User Logged
2022-03-06T15:09:00.000Z,2022-03-06T15:24:00.000Z,WORKOUT,OTHER,Automatic,-6.0,22.0,480000.0,360000.0,178.0,145.0,1711.0,241.0,1.0.103791,ios,15.4,900000.0,900000.0,Not Applicable,User Logged
2022-03-06T14:52:37.299Z,2022-03-06T15:08:24.657Z,WORKOUT,RUNNING,Automatic,-6.0,27.5786,707358.0,240000.0,167.0,148.0,2075.0,263.0,1.0.103791,ios,15.4,947358.0,947358.0,Not Applicable,User Logged
2022-03-06T12:49:44.179Z,2022-03-06T14:43:40.106Z,WORKOUT,RUNNING,Automatic,-6.0,225.86423333333335,6715927.0,120000.0,173.0,159.0,17055.0,2060.0,1.0.103791,ios,15.4,6835927.0,6835927.0,Not Applicable,User Logged
2022-03-06T12:27:13.661Z,2022-03-06T12:48:51.586Z,WORKOUT,WALKING,Automatic,-6.0,5.432083333333333,No Data,277925.0,131.0,90.0,1468.0,145.0,1.0.103791,ios,15.4,1297925.0,1297925.0,Not Applicable,User Logged
2022-03-05T19:04:00.000Z,2022-03-05T19:15:00.000Z,WORKOUT,OTHER,Automatic,-6.0,10.0,No Data,600000.0,122.0,106.0,791.0,102.0,1.0.103791,ios,15.4,660000.0,660000.0,Not Applicable,User Logged
2022-03-05T18:36:47.432Z,2022-03-05T19:03:12.743Z,WORKOUT,RUNNING,Automatic,-6.0,50.27285666666667,1500000.0,12743.0,166.0,151.0,3917.0,444.0,1.0.103791,ios,15.4,1585311.0,1585311.0,Not Applicable,User Logged
2022-03-05T14:00:03.828Z,2022-03-05T15:06:13.291Z,WORKOUT,WALKING,Automatic,-6.0,12.657885833333333,60000.0,480000.0,144.0,81.0,5925.0,387.0,1.0.103791,ios,15.4,3969463.0,3969463.0,Not Applicable,User Logged
2022-03-05T13:48:09.084Z,2022-03-05T14:00:03.783Z,WORKOUT,RUNNING,Automatic,-6.0,7.2455825,No Data,420000.0,114.0,90.0,1419.0,91.0,1.0.103791,ios,15.4,714699.0,714699.0,Not Applicable,User Logged
2022-03-01T05:05:15.591Z,2022-03-01T07:01:04.823Z,WORKOUT,RUNNING,Automatic,-6.0,229.11739083333333,6840000.0,64823.0,164.0,147.0,17452.0,1868.0,1.0.103791,ios,15.4,6949232.0,6949232.0,Not Applicable,User Logged
2022-02-27T23:06:53.380Z,2022-02-28T00:08:51.699Z,WORKOUT,RUNNING,Automatic,-6.0,121.97198333333333,3600000.0,118319.0,178.0,159.0,9302.0,1112.0,1.0.103791,ios,15.4,3718319.0,3718319.0,Not Applicable,User Logged
2022-02-27T00:52:32.703Z,2022-02-27T01:03:47.493Z,WORKOUT,WALKING,Automatic,-6.0,7.212325,No Data,420000.0,114.0,97.0,702.0,47.0,1.0.101476,ios,15.4,674790.0,674790.0,Not Applicable,User Logged
2022-02-26T23:14:34.527Z,2022-02-26T23:46:58.530Z,WORKOUT,RUNNING,Automatic,-6.0,64.8001,1944003.0,No Data,170.0,165.0,3118.0,608.0,1.0.101476,ios,15.4,1944003.0,1944003.0,Not Applicable,User Logged
2022-02-26T23:03:00.000Z,2022-02-26T23:31:00.000Z,WORKOUT,OTHER,Automatic,-6.0,56.0,1680000.0,No Data,170.0,157.0,1469.0,479.0,1.0.101476,ios,15.4,1680000.0,1680000.0,Not Applicable,User Logged
2022-02-26T22:46:14.400Z,2022-02-26T23:02:15.164Z,WORKOUT,RUNNING,Automatic,-6.0,31.26546666666667,915164.0,45600.0,164.0,151.0,1996.0,263.0,1.0.101476,ios,15.4,960764.0,960764.0,Not Applicable,User Logged
2022-02-22T00:22:38.956Z,2022-02-22T00:35:37.028Z,WORKOUT,RUNNING,Automatic,-6.0,10.117866666666668,No Data,598072.0,125.0,101.0,1502.0,121.0,1.0.101476,ios,15.4,778072.0,778072.0,Not Applicable,User Logged
2022-02-21T21:12:00.000Z,2022-02-21T21:26:00.000Z,WORKOUT,OTHER,Automatic,-6.0,11.1,No Data,660000.0,115.0,101.0,285.0,64.0,1.0.101476,ios,15.4,840000.0,840000.0,Not Applicable,User Logged
2022-02-21T18:09:06.461Z,2022-02-21T18:38:59.045Z,WORKOUT,WALKING,Automatic,-6.0,3.2446158333333335,No Data,120000.0,104.0,79.0,1648.0,140.0,1.0.101476,ios,15.4,1792584.0,1792584.0,Not Applicable,User Logged
2022-02-21T16:47:25.468Z,2022-02-21T17:35:21.678Z,WORKOUT,WALKING,Automatic,-6.0,51.59359833333333,240000.0,2614532.0,165.0,114.0,5192.0,527.0,1.0.101476,ios,15.4,2876210.0,2876210.0,Not Applicable,User Logged
2022-02-21T16:08:36.439Z,2022-02-21T16:46:25.688Z,WORKOUT,RUNNING,Automatic,-6.0,72.82081666666667,2100000.0,169249.0,178.0,158.0,5952.0,668.0,1.0.101476,ios,15.4,2269249.0,2269249.0,Not Applicable,User Logged
2022-02-19T19:09:09.436Z,2022-02-19T19:38:48.900Z,WORKOUT,RUNNING,Automatic,-6.0,55.85713666666666,1620000.0,108900.0,168.0,151.0,4479.0,489.0,1.0.101476,ios,15.4,1779464.0,1779464.0,Not Applicable,User Logged
2022-02-17T13:16:39.523Z,2022-02-17T13:46:44.982Z,WORKOUT,RUNNING,Automatic,-6.0,54.56646416666667,1544982.0,180000.0,152.0,137.0,4028.0,437.0,1.0.101476,ios,15.4,1805459.0,1805459.0,Not Applicable,User Logged
2022-02-16T13:47:00.000Z,2022-02-16T14:16:00.000Z,WORKOUT,OTHER,Automatic,-6.0,20.4,No Data,1200000.0,122.0,96.0,1332.0,158.0,1.0.101476,ios,15.4,1740000.0,1740000.0,Not Applicable,User Logged
2022-02-16T13:27:56.606Z,2022-02-16T13:46:06.901Z,WORKOUT,RUNNING,Automatic,-6.0,35.11501666666667,1020000.0,66901.0,171.0,157.0,2870.0,309.0,1.0.101476,ios,15.4,1090295.0,1090295.0,Not Applicable,User Logged
2022-02-15T19:43:28.089Z,2022-02-15T19:56:32.868Z,WORKOUT,WALKING,Automatic,-6.0,2.47739,No Data,120000.0,103.0,83.0,946.0,77.0,1.0.101476,ios,15.4,784779.0,784779.0,Not Applicable,User Logged
2022-02-15T17:42:38.073Z,2022-02-15T17:54:38.628Z,WORKOUT,WALKING,Automatic,-6.0,0.5821900000000001,No Data,No Data,94.0,74.0,862.0,58.0,1.0.101476,ios,15.4,720555.0,720555.0,Not Applicable,User Logged
2022-02-15T15:15:44.032Z,2022-02-15T15:26:02.630Z,WORKOUT,WALKING,Automatic,-6.0,0.5154983333333333,No Data,No Data,97.0,80.0,907.0,59.0,1.0.101476,ios,15.4,618598.0,618598.0,Not Applicable,User Logged
2022-02-13T19:00:12.950Z,2022-02-13T19:28:40.005Z,WORKOUT,RUNNING,Automatic,-6.0,53.66675,1560000.0,100005.0,154.0,141.0,4149.0,426.0,1.0.100104,ios,15.4,1707055.0,1707055.0,Not Applicable,User Logged
2022-02-11T05:56:09.298Z,2022-02-11T06:26:12.678Z,WORKOUT,RUNNING,Automatic,-6.0,57.25355166666667,1680000.0,72678.0,156.0,140.0,4478.0,439.0,1.0.100104,ios,15.4,1803380.0,1803380.0,Not Applicable,User Logged
2022-02-10T05:08:11.020Z,2022-02-10T05:38:08.760Z,WORKOUT,RUNNING,Automatic,-6.0,57.186816666666665,1680000.0,68760.0,154.0,140.0,4494.0,444.0,1.0.100104,ios,15.4,1797740.0,1797740.0,Not Applicable,User Logged
2022-02-06T18:44:02.587Z,2022-02-06T19:16:59.949Z,WORKOUT,RUNNING,Automatic,-6.0,60.046994166666664,1680000.0,239949.0,165.0,147.0,4628.0,513.0,1.0.100104,ios,15.4,1977362.0,1977362.0,Not Applicable,User Logged
2022-02-02T13:57:00.000Z,2022-02-02T14:22:00.000Z,WORKOUT,OTHER,Automatic,-6.0,10.75,No Data,600000.0,112.0,91.0,640.0,117.0,1.0.98364,ios,15.4,1500000.0,1500000.0,Not Applicable,User Logged
2022-02-02T13:20:27.598Z,2022-02-02T13:56:33.101Z,WORKOUT,RUNNING,Automatic,-6.0,61.02700166666666,1740000.0,180000.0,160.0,140.0,4961.0,530.0,1.0.98364,ios,15.4,2165503.0,2165503.0,Not Applicable,User Logged
2022-02-01T14:16:00.000Z,2022-02-01T14:38:00.000Z,WORKOUT,OTHER,Automatic,-6.0,11.5,No Data,660000.0,113.0,96.0,645.0,110.0,1.0.98364,ios,15.4,1320000.0,1320000.0,Not Applicable,User Logged
2022-02-01T13:40:17.370Z,2022-02-01T14:12:30.893Z,WORKOUT,RUNNING,Automatic,-6.0,60.06126916666667,1740000.0,120000.0,157.0,146.0,4909.0,514.0,1.0.98364,ios,15.4,1933523.0,1933523.0,Not Applicable,User Logged
2022-01-31T15:03:39.548Z,2022-01-31T15:43:02.047Z,WORKOUT,WALKING,Automatic,-6.0,15.983439166666667,140452.0,600000.0,172.0,99.0,3332.0,301.0,1.0.98364,ios,15.4,2362499.0,2362499.0,Not Applicable,User Logged
2022-01-31T14:11:45.465Z,2022-01-31T14:36:40.501Z,WORKOUT,RUNNING,Automatic,-6.0,44.0121125,1200000.0,240000.0,172.0,149.0,3382.0,387.0,1.0.98364,ios,15.4,1495036.0,1495036.0,Not Applicable,User Logged
2022-01-31T01:36:45.668Z,2022-01-31T01:49:47.366Z,WORKOUT,WALKING,Automatic,-6.0,2.501415,No Data,120000.0,102.0,85.0,873.0,65.0,1.0.98364,ios,15.4,781698.0,781698.0,Not Applicable,User Logged
2022-01-30T17:14:32.577Z,2022-01-30T17:45:55.215Z,WORKOUT,RUNNING,Automatic,-6.0,59.9431025,1740000.0,115215.0,164.0,148.0,4740.0,500.0,1.0.98364,ios,15.4,1882638.0,1882638.0,Not Applicable,User Logged
2022-01-26T14:09:00.000Z,2022-01-26T14:30:00.000Z,WORKOUT,OTHER,Automatic,-6.0,6.55,No Data,360000.0,105.0,92.0,684.0,91.0,1.0.98364,ios,15.3,1260000.0,1260000.0,Not Applicable,User Logged
2022-01-26T13:34:40.012Z,2022-01-26T14:08:00.897Z,WORKOUT,RUNNING,Automatic,-6.0,62.06665666666667,1800000.0,120000.0,171.0,149.0,4862.0,537.0,1.0.98364,ios,15.3,2000885.0,2000885.0,Not Applicable,User Logged
2022-01-26T05:47:33.813Z,2022-01-26T06:18:56.640Z,WORKOUT,RUNNING,Automatic,-6.0,58.9658225,1680000.0,176640.0,165.0,147.0,4445.0,490.0,1.0.98364,ios,15.3,1882827.0,1882827.0,Not Applicable,User Logged
2022-01-23T19:04:23.779Z,2022-01-23T19:37:27.309Z,WORKOUT,RUNNING,Automatic,-6.0,58.030184166666665,1620000.0,240000.0,163.0,143.0,4411.0,491.0,1.0.98364,ios,15.3,1983530.0,1983530.0,Not Applicable,User Logged
2022-01-21T05:43:19.322Z,2022-01-21T06:14:10.939Z,WORKOUT,RUNNING,Automatic,-6.0,50.91028333333333,1260000.0,531617.0,151.0,130.0,4118.0,404.0,1.0.98364,ios,15.3,1851617.0,1851617.0,Not Applicable,User Logged
2022-01-18T13:21:32.799Z,2022-01-18T13:49:27.478Z,WORKOUT,WALKING,Automatic,-6.0,26.526248333333335,No Data,1587201.0,117.0,105.0,2992.0,272.0,1.0.98364,ios,15.3,1674679.0,1674679.0,Not Applicable,No Data
2022-01-18T12:55:39.742Z,2022-01-18T13:21:32.710Z,WORKOUT,RUNNING,Automatic,-6.0,46.612048333333334,1320000.0,152710.0,158.0,139.0,3839.0,382.0,1.0.98364,ios,15.3,1552968.0,1552968.0,Not Applicable,No Data
2022-01-17T20:11:57.987Z,2022-01-17T21:20:30.730Z,WORKOUT,RUNNING,Automatic,-6.0,131.51384416666667,3780000.0,330730.0,173.0,153.0,9963.0,1232.0,1.0.98364,ios,15.3,4112743.0000000005,4112743.0000000005,Not Applicable,No Data
2022-01-15T20:23:27.258Z,2022-01-15T20:38:02.963Z,WORKOUT,RUNNING,Automatic,-6.0,No Data,No Data,No Data,145.0,131.0,2157.0,206.0,1.0.97358,ios,15.3,875705.0,875705.0,Not Applicable,No Data
2022-01-15T18:47:00.000Z,2022-01-15T19:35:00.000Z,WORKOUT,OTHER,Automatic,-6.0,19.7,No Data,1140000.0,133.0,88.0,1286.0,249.0,1.0.97358,ios,15.3,2880000.0,2880000.0,Not Applicable,No Data
2022-01-15T07:09:00.000Z,2022-01-15T07:27:00.000Z,WORKOUT,OTHER,Automatic,-6.0,8.15,No Data,480000.0,125.0,85.0,210.0,83.0,1.0.97358,ios,15.3,1080000.0,1080000.0,Not Applicable,No Data
2022-01-13T13:59:00.000Z,2022-01-13T14:21:00.000Z,WORKOUT,OTHER,Automatic,-6.0,8.65,No Data,480000.0,110.0,91.0,775.0,114.0,1.0.97358,ios,15.3,1320000.0,1320000.0,Not Applicable,No Data
2022-01-13T13:23:47.171Z,2022-01-13T13:58:04.039Z,WORKOUT,RUNNING,Automatic,-6.0,63.01405666666667,1740000.0,300000.0,166.0,146.0,5003.0,571.0,1.0.97358,ios,15.3,2056868.0,2056868.0,Not Applicable,No Data
2022-01-12T14:33:00.000Z,2022-01-12T15:00:00.000Z,WORKOUT,OTHER,Automatic,-6.0,8.7,No Data,480000.0,110.0,91.0,761.0,135.0,1.0.97358,ios,15.3,1620000.0,1620000.0,Not Applicable,No Data
2022-01-12T13:35:51.740Z,2022-01-12T14:10:43.144Z,WORKOUT,RUNNING,Automatic,-6.0,65.05688333333333,1920000.0,60000.0,167.0,149.0,5066.0,605.0,1.0.97358,ios,15.3,2091404.0,2091404.0,Not Applicable,No Data
2022-01-11T14:25:00.000Z,2022-01-11T14:52:00.000Z,WORKOUT,OTHER,Automatic,-6.0,24.15,No Data,1440000.0,117.0,99.0,1006.0,148.0,1.0.97358,ios,15.3,1620000.0,1620000.0,Not Applicable,No Data
2022-01-11T13:14:44.051Z,2022-01-11T14:24:18.791Z,WORKOUT,RUNNING,Automatic,-6.0,130.32647416666669,3660000.0,498791.0,169.0,155.0,10379.0,1283.0,1.0.97358,ios,15.3,4174740.0,4174740.0,Not Applicable,No Data
2022-01-11T04:31:59.277Z,2022-01-11T05:02:49.504Z,WORKOUT,RUNNING,Automatic,-6.0,59.825669166666664,1740000.0,109504.0,172.0,156.0,4337.0,568.0,1.0.97358,ios,15.3,1850227.0,1850227.0,Not Applicable,No Data
2022-01-09T19:54:38.256Z,2022-01-09T20:44:21.924Z,WORKOUT,WALKING,Automatic,-6.0,36.08067,No Data,2121744.0,120.0,104.0,5219.0,522.0,1.0.97358,ios,15.3,2983668.0,2983668.0,Not Applicable,No Data
2022-01-09T19:25:46.650Z,2022-01-09T19:53:38.507Z,WORKOUT,RUNNING,Automatic,-6.0,51.652908333333336,1440000.0,218507.0,168.0,153.0,4298.0,511.0,1.0.97358,ios,15.3,1671857.0,1671857.0,Not Applicable,No Data
2022-01-09T01:15:53.267Z,2022-01-09T01:48:24.047Z,WORKOUT,RUNNING,Automatic,-6.0,58.05561083333333,1620000.0,240000.0,161.0,141.0,4623.0,519.0,1.0.97358,ios,15.3,1950780.0,1950780.0,Not Applicable,No Data
2022-01-05T17:55:00.000Z,2022-01-05T18:39:00.000Z,WORKOUT,OTHER,Automatic,-6.0,12.2,No Data,660000.0,112.0,82.0,1379.0,176.0,1.0.97358,ios,15.3,2640000.0,2640000.0,Not Applicable,No Data
2022-01-05T16:50:30.378Z,2022-01-05T17:02:48.439Z,WORKOUT,WALKING,Automatic,-6.0,0.4650508333333334,No Data,No Data,102.0,73.0,801.0,55.0,1.0.97358,ios,15.3,738061.0,738061.0,Not Applicable,No Data
2022-01-05T15:54:53.301Z,2022-01-05T16:07:14.535Z,WORKOUT,WALKING,Automatic,-6.0,0.5621125,No Data,No Data,91.0,79.0,933.0,76.0,1.0.97358,ios,15.3,741234.0,741234.0,Not Applicable,No Data
2022-01-01T22:28:10.382Z,2022-01-01T22:55:48.437Z,WORKOUT,RUNNING,Automatic,-6.0,52.655915,1548437.0,60000.0,171.0,153.0,4236.0,507.0,1.0.97318,ios,15.3,1658055.0,1658055.0,Not Applicable,No Data
2021-12-31T19:11:54.267Z,2021-12-31T19:37:58.603Z,WORKOUT,RUNNING,Automatic,-6.0,50.95343333333334,1498603.0,60000.0,177.0,164.0,3824.0,496.0,1.0.97318,ios,15.3,1564336.0,1564336.0,Not Applicable,No Data
2021-12-30T06:39:31.545Z,2021-12-30T07:11:56.337Z,WORKOUT,RUNNING,Automatic,-6.0,60.0126625,1740000.0,116337.0,159.0,141.0,4659.0,520.0,1.0.97318,ios,15.3,1944792.0,1944792.0,Not Applicable,No Data
2021-12-30T01:02:35.552Z,2021-12-30T01:20:29.549Z,WORKOUT,WALKING,Automatic,-6.0,2.6949975,No Data,120000.0,115.0,91.0,1226.0,125.0,1.0.97318,ios,15.3,1073997.0,1073997.0,Not Applicable,No Data
2021-12-29T06:20:00.240Z,2021-12-29T06:53:50.582Z,WORKOUT,RUNNING,Automatic,-6.0,59.0998,1680000.0,180000.0,162.0,138.0,4517.0,530.0,1.0.97318,ios,15.3,2030342.0,2030342.0,Not Applicable,No Data
2021-12-29T03:28:00.187Z,2021-12-29T03:39:32.628Z,WORKOUT,WALKING,Automatic,-6.0,8.127034166666666,No Data,480000.0,129.0,94.0,789.0,94.0,1.0.97318,ios,15.3,692441.0,692441.0,Not Applicable,No Data
2021-12-28T01:39:19.065Z,2021-12-28T01:49:32.045Z,WORKOUT,WALKING,Automatic,-6.0,0.5108166666666667,No Data,No Data,106.0,82.0,748.0,59.0,1.0.96245,ios,15.3,612980.0,612980.0,Not Applicable,No Data
2021-12-27T21:28:00.000Z,2021-12-27T21:52:00.000Z,WORKOUT,OTHER,Automatic,-6.0,8.65,No Data,480000.0,114.0,89.0,791.0,152.0,1.0.96245,ios,15.3,1440000.0,1440000.0,Not Applicable,No Data
2021-12-27T18:47:52.271Z,2021-12-27T19:20:29.946Z,WORKOUT,RUNNING,Automatic,-6.0,60.55554083333333,1740000.0,149946.0,169.0,147.0,4586.0,561.0,1.0.96245,ios,15.3,1957675.0,1957675.0,Not Applicable,No Data
2021-12-27T01:22:59.240Z,2021-12-27T01:35:05.705Z,WORKOUT,WALKING,Automatic,-6.0,0.5553875,No Data,No Data,102.0,80.0,867.0,64.0,1.0.96245,ios,15.3,726465.0,726465.0,Not Applicable,No Data
2021-12-26T20:51:16.530Z,2021-12-26T21:43:11.589Z,WORKOUT,WALKING,Automatic,-6.0,2.1458825000000004,No Data,No Data,95.0,71.0,2970.0,235.0,1.0.96245,ios,15.3,3115059.0,3115059.0,Not Applicable,No Data
2021-12-26T16:41:47.391Z,2021-12-26T17:12:30.345Z,WORKOUT,RUNNING,Automatic,-6.0,57.5662575,1680000.0,90345.0,152.0,138.0,4682.0,490.0,1.0.96245,ios,15.3,1842954.0,1842954.0,Not Applicable,No Data
2021-12-24T09:35:34.707Z,2021-12-24T10:03:00.000Z,WORKOUT,OTHER,Automatic,-6.0,25.0,No Data,1500000.0,121.0,102.0,4.0,135.0,1.0.96245,ios,15.2,1645293.0,1645293.0,Not Applicable,No Data
2021-12-22T13:12:01.083Z,2021-12-22T14:20:55.594Z,WORKOUT,RUNNING,Automatic,-6.0,127.02566416666667,3600000.0,415594.0,163.0,143.0,10176.0,1155.0,1.0.96245,ios,15.2,4134511.0000000005,4134511.0000000005,Not Applicable,No Data
2021-12-19T00:40:16.914Z,2021-12-19T01:05:38.911Z,WORKOUT,WALKING,Automatic,-6.0,6.918330833333333,No Data,360000.0,114.0,98.0,1443.0,190.0,1.0.96282,ios,15.2,1521997.0,1521997.0,Not Applicable,No Data
2021-12-19T00:21:00.000Z,2021-12-19T00:35:00.000Z,WORKOUT,OTHER,Automatic,-6.0,12.05,No Data,720000.0,134.0,104.0,815.0,116.0,1.0.96282,ios,15.2,840000.0,840000.0,Not Applicable,No Data
2021-12-18T23:21:58.114Z,2021-12-19T00:20:44.188Z,WORKOUT,RUNNING,Automatic,-6.0,115.52293333333333,3464188.0,No Data,183.0,162.0,9190.0,1152.0,1.0.96282,ios,15.2,3526074.0,3526074.0,Not Applicable,No Data
2021-12-18T22:08:08.187Z,2021-12-18T22:23:05.939Z,WORKOUT,WALKING,Automatic,-6.0,0.6931775,No Data,No Data,95.0,78.0,1168.0,84.0,1.0.96282,ios,15.2,897752.0,897752.0,Not Applicable,No Data
2021-12-10T14:12:00.000Z,2021-12-10T14:44:00.000Z,WORKOUT,OTHER,Automatic,-6.0,29.1,No Data,1740000.0,130.0,103.0,1220.0,192.0,1.0.93116,ios,15.2,1920000.0,1920000.0,Not Applicable,No Data
2021-12-10T13:03:44.294Z,2021-12-10T14:11:43.382Z,WORKOUT,RUNNING,Automatic,-6.0,133.73612166666666,3960000.0,103382.0,168.0,147.0,10462.0,1176.0,1.0.93116,ios,15.2,4079088.0,4079088.0,Not Applicable,No Data
2021-12-09T14:37:00.000Z,2021-12-09T14:59:00.000Z,WORKOUT,OTHER,Automatic,-6.0,21.05,No Data,1260000.0,118.0,102.0,1076.0,127.0,1.0.93116,ios,15.2,1320000.0,1320000.0,Not Applicable,No Data
2021-12-09T14:02:28.338Z,2021-12-09T14:36:06.999Z,WORKOUT,RUNNING,Automatic,-6.0,61.143035,1680000.0,306999.0,166.0,152.0,4872.0,596.0,1.0.93116,ios,15.2,2018661.0,2018661.0,Not Applicable,No Data
2021-12-08T04:51:02.254Z,2021-12-08T05:25:59.376Z,WORKOUT,RUNNING,Automatic,-6.0,62.06191333333334,1740000.0,237746.0,152.0,137.0,4803.0,539.0,1.0.93116,ios,15.2,2097121.9999999998,2097121.9999999998,Not Applicable,No Data
2021-12-05T16:47:35.125Z,2021-12-05T17:26:22.384Z,WORKOUT,WALKING,Automatic,-6.0,4.6186533333333335,No Data,180000.0,123.0,103.0,2950.0,326.0,1.0.93116,ios,15.2,2327259.0,2327259.0,Not Applicable,No Data
2021-12-05T15:44:24.988Z,2021-12-05T16:05:55.398Z,WORKOUT,WALKING,Automatic,-6.0,30.263231666666666,635012.0,540000.0,164.0,134.0,2269.0,298.0,1.0.93116,ios,15.2,1290410.0,1290410.0,Not Applicable,No Data
2021-12-05T14:57:37.171Z,2021-12-05T15:44:50.369Z,WORKOUT,RUNNING,Automatic,-6.0,79.43993333333333,1933198.0,900000.0,162.0,145.0,6448.0,749.0,1.0.93116,ios,15.2,2833198.0,2833198.0,Not Applicable,No Data
2021-12-05T14:28:44.626Z,2021-12-05T14:56:44.038Z,WORKOUT,WALKING,Automatic,-6.0,39.9804,719412.0,960000.0,160.0,138.0,3652.0,418.0,1.0.93116,ios,15.2,1679412.0,1679412.0,Not Applicable,No Data
2021-12-05T13:19:45.631Z,2021-12-05T14:28:08.649Z,WORKOUT,RUNNING,Automatic,-6.0,133.30027416666667,3908649.0,180000.0,165.0,153.0,10440.0,1161.0,1.0.93116,ios,15.2,4103018.0,4103018.0,Not Applicable,No Data
2021-12-05T12:27:13.165Z,2021-12-05T12:48:40.667Z,WORKOUT,WALKING,Automatic,-6.0,1.9229183333333335,No Data,60000.0,107.0,85.0,1525.0,124.0,1.0.93116,ios,15.2,1287502.0,1287502.0,Not Applicable,No Data
2021-12-05T00:08:00.000Z,2021-12-05T00:37:00.000Z,WORKOUT,OTHER,Automatic,-6.0,13.55,No Data,780000.0,112.0,99.0,781.0,134.0,1.0.93116,ios,15.2,1740000.0,1740000.0,Not Applicable,No Data
2021-12-04T23:15:00.000Z,2021-12-04T23:51:00.000Z,WORKOUT,OTHER,Automatic,-6.0,19.3,No Data,1140000.0,123.0,105.0,1181.0,229.0,1.0.93116,ios,15.2,2160000.0,2160000.0,Not Applicable,No Data
2021-12-04T22:01:16.773Z,2021-12-04T23:02:18.814Z,WORKOUT,RUNNING,Automatic,-6.0,117.66315583333333,3438814.0,180000.0,173.0,152.0,9267.0,1036.0,1.0.93116,ios,15.2,3662041.0,3662041.0,Not Applicable,No Data
2021-12-04T18:49:21.203Z,2021-12-04T19:28:45.608Z,WORKOUT,WALKING,Automatic,-6.0,6.342464166666667,No Data,285608.0,106.0,78.0,2663.0,191.0,1.0.93116,ios,15.2,2364405.0,2364405.0,Not Applicable,No Data
2021-12-03T14:49:01.239Z,2021-12-03T15:08:02.187Z,WORKOUT,WALKING,Automatic,-6.0,14.2658,No Data,840948.0,113.0,96.0,1143.0,86.0,1.0.93116,ios,15.2,1140948.0,1140948.0,Not Applicable,No Data
2021-12-03T13:48:00.000Z,2021-12-03T14:29:00.000Z,WORKOUT,OTHER,Automatic,-6.0,28.1,No Data,1680000.0,132.0,105.0,887.0,261.0,1.0.93116,ios,15.2,2460000.0,2460000.0,Not Applicable,No Data
2021-12-03T12:42:34.846Z,2021-12-03T13:47:57.115Z,WORKOUT,RUNNING,Automatic,-6.0,127.02287833333332,3780000.0,57115.0,169.0,155.0,10260.0,1149.0,1.0.93116,ios,15.2,3922269.0,3922269.0,Not Applicable,No Data
2021-12-02T13:56:00.000Z,2021-12-02T14:25:00.000Z,WORKOUT,OTHER,Automatic,-6.0,18.45,No Data,1080000.0,113.0,95.0,1076.0,146.0,1.0.93116,ios,15.2,1740000.0,1740000.0,Not Applicable,No Data
2021-12-02T13:13:12.631Z,2021-12-02T13:55:00.488Z,WORKOUT,RUNNING,Automatic,-6.0,77.0476075,2160000.0,300488.0,163.0,145.0,6035.0,655.0,1.0.93116,ios,15.2,2507857.0,2507857.0,Not Applicable,No Data
2021-12-01T13:50:00.000Z,2021-12-01T14:30:00.000Z,WORKOUT,OTHER,Automatic,-6.0,30.35,No Data,1800000.0,124.0,102.0,920.0,214.0,1.0.93116,ios,15.2,2400000.0,2400000.0,Not Applicable,No Data
2021-12-01T12:36:57.088Z,2021-12-01T13:49:29.945Z,WORKOUT,RUNNING,Automatic,-6.0,136.54908333333336,3900000.0,389945.0,173.0,154.0,10828.0,1243.0,1.0.93116,ios,15.2,4352857.0,4352857.0,Not Applicable,No Data
2021-11-28T22:22:24.316Z,2021-11-28T22:52:30.172Z,WORKOUT,WALKING,Automatic,-6.0,9.594733333333334,No Data,515684.0,118.0,95.0,2527.0,230.0,1.0.93116,ios,15.2,1805856.0,1805856.0,Not Applicable,No Data
2021-11-28T22:08:00.000Z,2021-11-28T22:22:00.000Z,WORKOUT,OTHER,Automatic,-6.0,12.15,240000.0,240000.0,131.0,102.0,1217.0,103.0,1.0.93116,ios,15.2,840000.0,840000.0,Not Applicable,No Data
2021-11-28T20:32:00.000Z,2021-11-28T20:45:00.000Z,WORKOUT,OTHER,Automatic,-6.0,12.0,No Data,720000.0,140.0,111.0,453.0,100.0,1.0.93116,ios,15.2,780000.0,780000.0,Not Applicable,No Data
2021-11-28T20:05:33.576Z,2021-11-28T20:31:40.032Z,WORKOUT,RUNNING,Automatic,-6.0,51.35642,1540032.0,No Data,173.0,165.0,4069.0,470.0,1.0.93116,ios,15.2,1566456.0,1566456.0,Not Applicable,No Data
2021-11-27T21:48:32.139Z,2021-11-27T22:09:27.307Z,WORKOUT,WALKING,Automatic,-6.0,18.46435,No Data,1107861.0,142.0,114.0,1882.0,213.0,1.0.93116,ios,15.2,1255168.0,1255168.0,Not Applicable,No Data
2021-11-27T21:24:43.738Z,2021-11-27T21:48:29.562Z,WORKOUT,RUNNING,Automatic,-6.0,42.55625166666667,1200000.0,149562.0,157.0,140.0,3555.0,358.0,1.0.93116,ios,15.2,1425824.0,1425824.0,Not Applicable,No Data
2021-11-27T03:21:03.716Z,2021-11-27T03:33:11.443Z,WORKOUT,WALKING,Automatic,-6.0,0.6064391666666666,No Data,No Data,99.0,77.0,807.0,49.0,1.0.93116,ios,15.2,727727.0,727727.0,Not Applicable,No Data
2021-11-26T19:35:28.619Z,2021-11-26T20:05:23.286Z,WORKOUT,RUNNING,Automatic,-6.0,57.414250833333334,1680000.0,83286.0,164.0,148.0,4476.0,476.0,1.0.93116,ios,15.2,1794667.0,1794667.0,Not Applicable,No Data
2021-11-21T21:14:17.022Z,2021-11-21T21:50:58.130Z,WORKOUT,RUNNING,Automatic,-6.0,63.085815,1800000.0,180000.0,155.0,137.0,5008.0,528.0,1.0.91314,ios,15.2,2201108.0,2201108.0,Not Applicable,No Data
2021-11-21T04:14:44.076Z,2021-11-21T04:45:06.519Z,WORKOUT,RUNNING,Automatic,-6.0,58.23057,1686519.0,120000.0,150.0,139.0,4654.0,445.0,1.0.91314,ios,15.2,1822443.0,1822443.0,Not Applicable,No Data
2021-11-19T13:54:07.499Z,2021-11-19T14:07:27.036Z,WORKOUT,WALKING,Automatic,-6.0,10.475616666666667,No Data,619537.0,141.0,100.0,1056.0,97.0,1.0.91314,ios,15.2,799537.0,799537.0,Not Applicable,No Data
2021-11-19T12:59:09.284Z,2021-11-19T13:49:02.055Z,WORKOUT,WALKING,Automatic,-6.0,25.226513333333333,No Data,1442055.0,131.0,92.0,3399.0,290.0,1.0.91314,ios,15.2,2992771.0,2992771.0,Not Applicable,No Data
2021-11-19T12:42:12.724Z,2021-11-19T12:53:34.649Z,WORKOUT,WALKING,Automatic,-6.0,8.71688,No Data,514649.0,119.0,97.0,768.0,51.0,1.0.91314,ios,15.2,681925.0,681925.0,Not Applicable,No Data
2021-11-18T14:14:00.000Z,2021-11-18T14:40:00.000Z,WORKOUT,OTHER,Automatic,-6.0,13.35,No Data,780000.0,117.0,93.0,723.0,108.0,1.0.91314,ios,15.2,1560000.0,1560000.0,Not Applicable,No Data
2021-11-18T14:14:00.000Z,2021-11-18T14:40:00.000Z,WORKOUT,OTHER,Automatic,-6.0,13.35,No Data,780000.0,117.0,93.0,723.0,108.0,1.0.91314,ios,15.2,1560000.0,1560000.0,Not Applicable,No Data
2021-11-18T04:11:39.222Z,2021-11-18T04:42:22.836Z,WORKOUT,RUNNING,Automatic,-6.0,57.447915,1680000.0,82836.0,144.0,133.0,4631.0,434.0,1.0.91314,ios,15.2,1843614.0,1843614.0,Not Applicable,No Data
2021-11-17T03:02:27.737Z,2021-11-17T03:38:07.750Z,WORKOUT,RUNNING,Automatic,-6.0,62.076885833333336,1740000.0,240000.0,142.0,127.0,4914.0,455.0,1.0.91314,ios,15.2,2140013.0,2140013.0,Not Applicable,No Data
2021-11-15T12:49:09.809Z,2021-11-15T13:01:42.373Z,WORKOUT,WALKING,Automatic,-6.0,7.9718275,No Data,470191.0,108.0,92.0,1045.0,90.0,1.0.91314,ios,15.2,752564.0,752564.0,Not Applicable,No Data
2021-11-15T12:16:38.366Z,2021-11-15T12:49:09.817Z,WORKOUT,RUNNING,Automatic,-6.0,61.360566666666664,1740000.0,201634.0,152.0,141.0,4885.0,484.0,1.0.91314,ios,15.2,1951451.0,1951451.0,Not Applicable,No Data
2021-11-15T12:04:12.379Z,2021-11-15T12:16:20.501Z,WORKOUT,WALKING,Automatic,-6.0,2.8313675,No Data,140501.0,100.0,79.0,1096.0,68.0,1.0.91314,ios,15.2,728122.0,728122.0,Not Applicable,No Data
2021-11-14T21:37:16.097Z,2021-11-14T22:38:04.459Z,WORKOUT,RUNNING,Automatic,-6.0,119.18521916666667,3544459.0,60000.0,154.0,143.0,9316.0,937.0,1.0.91314,ios,15.2,3648362.0,3648362.0,Not Applicable,No Data
2021-11-14T04:22:36.590Z,2021-11-14T04:40:56.065Z,WORKOUT,WALKING,Automatic,-6.0,10.416229166666668,No Data,600000.0,108.0,95.0,1596.0,137.0,1.0.91314,ios,15.2,1099475.0,1099475.0,Not Applicable,No Data
2021-11-14T00:34:52.736Z,2021-11-14T00:51:47.785Z,WORKOUT,WALKING,Automatic,-6.0,11.189820833333334,No Data,660000.0,112.0,95.0,1369.0,127.0,1.0.91314,ios,15.2,1015049.0,1015049.0,Not Applicable,No Data
2021-11-13T21:59:00.000Z,2021-11-13T22:48:00.000Z,WORKOUT,OTHER,Automatic,-6.0,22.05,No Data,1260000.0,113.0,91.0,1427.0,194.0,1.0.91314,ios,15.2,2940000.0,2940000.0,Not Applicable,No Data
2021-11-13T20:13:25.033Z,2021-11-13T21:14:22.197Z,WORKOUT,RUNNING,Automatic,-6.0,120.76903916666667,3622197.0,No Data,166.0,150.0,9382.0,1010.0,1.0.91314,ios,15.2,3657164.0,3657164.0,Not Applicable,No Data
2021-11-12T21:28:31.348Z,2021-11-12T22:04:13.908Z,WORKOUT,RUNNING,Automatic,-6.0,66.30567666666666,1920000.0,133908.0,164.0,146.0,5180.0,576.0,1.0.91314,ios,15.2,2142560.0,2142560.0,Not Applicable,No Data
2021-11-11T22:44:21.315Z,2021-11-11T22:58:50.307Z,WORKOUT,WALKING,Automatic,-6.0,7.2206875,No Data,410307.0,117.0,94.0,1136.0,104.0,1.0.91314,ios,15.2,868992.0,868992.0,Not Applicable,No Data
2021-11-11T06:16:46.812Z,2021-11-11T07:01:09.398Z,WORKOUT,RUNNING,Automatic,-6.0,85.37425666666667,2529398.0,60000.0,166.0,151.0,6803.0,746.0,1.0.91314,ios,15.2,2662586.0,2662586.0,Not Applicable,No Data
2021-11-10T13:59:00.000Z,2021-11-10T14:24:00.000Z,WORKOUT,OTHER,Automatic,-6.0,21.05,No Data,1260000.0,121.0,101.0,822.0,138.0,1.0.91314,ios,15.2,1500000.0,1500000.0,Not Applicable,No Data
2021-11-10T13:22:19.635Z,2021-11-10T13:58:16.223Z,WORKOUT,RUNNING,Automatic,-6.0,66.30402083333333,1860000.0,256223.0,173.0,152.0,5199.0,606.0,1.0.91314,ios,15.2,2156588.0,2156588.0,Not Applicable,No Data
2021-11-10T04:44:34.006Z,2021-11-10T05:13:10.920Z,WORKOUT,RUNNING,Automatic,-6.0,54.43566166666666,1630920.0,No Data,164.0,150.0,4333.0,476.0,1.0.91314,ios,15.2,1716914.0,1716914.0,Not Applicable,No Data
2021-11-07T13:37:11.428Z,2021-11-07T13:48:04.170Z,WORKOUT,WALKING,Automatic,-6.0,3.3939516666666667,No Data,180000.0,107.0,88.0,1021.0,72.0,1.0.89787,ios,15.2,652742.0,652742.0,Not Applicable,No Data
2021-11-07T05:16:51.525Z,2021-11-07T05:29:27.453Z,WORKOUT,WALKING,Automatic,-6.0,4.37994,No Data,240000.0,107.0,90.0,784.0,57.0,1.0.89787,ios,15.2,755928.0,755928.0,Not Applicable,No Data
2021-11-06T17:38:34.020Z,2021-11-06T18:13:24.170Z,WORKOUT,RUNNING,Automatic,-5.0,60.02165,1680000.0,240000.0,164.0,142.0,4708.0,517.0,1.0.89787,ios,15.2,2090150.0,2090150.0,Not Applicable,No Data
2021-11-04T13:14:00.000Z,2021-11-04T13:59:00.000Z,WORKOUT,OTHER,Automatic,-5.0,31.2,No Data,1860000.0,122.0,100.0,1355.0,209.0,1.0.89787,ios,15.2,2700000.0,2700000.0,Not Applicable,No Data
2021-11-04T12:31:50.312Z,2021-11-04T13:01:09.265Z,WORKOUT,RUNNING,Automatic,-5.0,56.366906666666665,1689265.0,No Data,177.0,156.0,4374.0,503.0,1.0.89787,ios,15.2,1758953.0,1758953.0,Not Applicable,No Data
2021-10-31T22:03:35.534Z,2021-10-31T23:11:18.074Z,WORKOUT,WALKING,Automatic,-5.0,11.88545,No Data,540000.0,100.0,82.0,4806.0,305.0,1.0.89787,ios,15.1,4062540.0,4062540.0,Not Applicable,No Data
2021-10-31T15:59:18.025Z,2021-10-31T16:28:39.981Z,WORKOUT,RUNNING,Automatic,-5.0,56.36767916666667,1659981.0,60000.0,163.0,146.0,4509.0,474.0,1.0.89787,ios,15.1,1761956.0,1761956.0,Not Applicable,No Data
2021-10-30T20:50:27.898Z,2021-10-30T21:20:51.184Z,WORKOUT,RUNNING,Automatic,-5.0,58.87981833333333,1740000.0,51184.0,168.0,153.0,4542.0,509.0,1.0.89787,ios,15.1,1823286.0,1823286.0,Not Applicable,No Data
2021-10-28T18:33:00.000Z,2021-10-28T19:09:00.000Z,WORKOUT,OTHER,Automatic,-5.0,34.45,960000.0,120000.0,161.0,131.0,820.0,379.0,1.0.89787,ios,15.1,2160000.0,2160000.0,Not Applicable,No Data
2021-10-26T13:29:51.391Z,2021-10-26T13:40:09.404Z,WORKOUT,WALKING,Automatic,-5.0,0.45,No Data,No Data,85.0,76.0,673.0,50.0,1.0.89787,ios,15.1,618013.0,618013.0,Not Applicable,No Data
2021-10-26T12:49:52.742Z,2021-10-26T13:00:35.470Z,WORKOUT,WALKING,Automatic,-5.0,0.45,No Data,No Data,92.0,77.0,805.0,54.0,1.0.89787,ios,15.1,642728.0,642728.0,Not Applicable,No Data
2021-10-24T16:24:32.912Z,2021-10-24T16:58:17.869Z,WORKOUT,RUNNING,Automatic,-5.0,64.02257333333333,1860000.0,120000.0,151.0,134.0,5080.0,434.0,1.0.88483,ios,15.1,2024957.0,2024957.0,Not Applicable,No Data
2021-10-24T15:22:01.148Z,2021-10-24T15:45:25.100Z,WORKOUT,WALKING,Automatic,-5.0,4.91996,No Data,240000.0,108.0,83.0,2172.0,131.0,1.0.88483,ios,15.1,1403952.0,1403952.0,Not Applicable,No Data
2021-10-23T18:53:11.747Z,2021-10-23T19:28:28.273Z,WORKOUT,RUNNING,Automatic,-5.0,63.04021083333333,1740000.0,300000.0,156.0,136.0,4874.0,471.0,1.0.88483,ios,15.1,2116526.0,2116526.0,Not Applicable,No Data
2021-10-23T17:37:12.500Z,2021-10-23T17:55:15.695Z,WORKOUT,RUNNING,Automatic,-5.0,10.4026625,No Data,600000.0,111.0,91.0,2044.0,129.0,1.0.88483,ios,15.1,1083195.0,1083195.0,Not Applicable,No Data
2021-10-17T14:49:50.877Z,2021-10-17T15:26:47.732Z,WORKOUT,RUNNING,Automatic,-5.0,64.0076025,1800000.0,240000.0,140.0,124.0,5155.0,426.0,1.0.88483,ios,15.1,2216855.0,2216855.0,Not Applicable,No Data
2021-10-16T15:49:49.491Z,2021-10-16T17:04:11.919Z,WORKOUT,WALKING,Automatic,-5.0,62.7602325,70509.0,3600000.0,146.0,107.0,6350.0,636.0,1.0.88483,ios,15.1,4462428.0,4462428.0,Not Applicable,No Data
2021-10-16T14:09:34.333Z,2021-10-16T15:49:49.426Z,WORKOUT,RUNNING,Automatic,-5.0,198.6689225,5929426.0,60000.0,170.0,153.0,16197.0,1623.0,1.0.88483,ios,15.1,6015093.0,6015093.0,Not Applicable,No Data
2021-10-15T12:05:51.258Z,2021-10-15T12:33:45.442Z,WORKOUT,RUNNING,Automatic,-5.0,52.57201833333333,1545442.0,60000.0,156.0,140.0,4370.0,399.0,1.0.88483,ios,15.1,1674184.0,1674184.0,Not Applicable,No Data
2021-10-14T13:07:00.000Z,2021-10-14T13:27:00.000Z,WORKOUT,OTHER,Automatic,-5.0,5.65,No Data,300000.0,103.0,90.0,369.0,76.0,1.0.88483,ios,15.1,1200000.0,1200000.0,Not Applicable,No Data
2021-10-14T12:27:26.242Z,2021-10-14T13:06:35.373Z,WORKOUT,RUNNING,Automatic,-5.0,72.66768166666667,2100000.0,155373.0,152.0,139.0,5803.0,541.0,1.0.88483,ios,15.1,2349131.0,2349131.0,Not Applicable,No Data
2021-10-13T12:27:50.575Z,2021-10-13T13:06:17.970Z,WORKOUT,RUNNING,Automatic,-5.0,72.35735416666667,2100000.0,137970.0,161.0,143.0,5785.0,560.0,1.0.88483,ios,15.1,2307395.0,2307395.0,Not Applicable,No Data
2021-10-12T12:16:28.580Z,2021-10-12T12:48:24.526Z,WORKOUT,RUNNING,Automatic,-5.0,55.43495,1440000.0,444526.0,166.0,143.0,4367.0,469.0,1.0.88483,ios,15.1,1915946.0,1915946.0,Not Applicable,No Data
2021-10-12T04:11:54.900Z,2021-10-12T04:38:21.401Z,WORKOUT,RUNNING,Automatic,-5.0,49.76761666666667,1461401.0,60000.0,166.0,150.0,4033.0,420.0,1.0.86939,ios,15.1,1586501.0,1586501.0,Not Applicable,No Data
2021-10-11T17:57:37.726Z,2021-10-11T18:24:13.474Z,WORKOUT,WALKING,Automatic,-5.0,1.1685616666666667,No Data,No Data,87.0,70.0,1699.0,90.0,1.0.86939,ios,15.1,1595748.0,1595748.0,Not Applicable,No Data
2021-10-09T17:08:14.968Z,2021-10-09T17:18:24.240Z,WORKOUT,WALKING,Automatic,-5.0,3.2577266666666667,No Data,180000.0,104.0,91.0,721.0,59.0,1.0.86939,ios,15.1,609272.0,609272.0,Not Applicable,No Data
2021-10-09T14:27:01.152Z,2021-10-09T14:38:02.198Z,WORKOUT,WALKING,Automatic,-5.0,10.9808,No Data,658848.0,131.0,111.0,969.0,90.0,1.0.86939,ios,15.1,661046.0,661046.0,Not Applicable,No Data
2021-10-09T14:05:00.000Z,2021-10-09T14:31:00.000Z,WORKOUT,OTHER,Automatic,-5.0,31.0,300000.0,1260000.0,139.0,124.0,836.0,196.0,1.0.86939,ios,15.1,1560000.0,1560000.0,Not Applicable,No Data
2021-10-09T13:31:51.705Z,2021-10-09T14:04:07.097Z,WORKOUT,RUNNING,Automatic,-5.0,60.16828333333333,1740000.0,127097.0,182.0,159.0,4524.0,549.0,1.0.86939,ios,15.1,1935392.0,1935392.0,Not Applicable,No Data
2021-10-09T12:28:42.275Z,2021-10-09T12:38:47.617Z,WORKOUT,WALKING,Automatic,-5.0,0.43968083333333335,No Data,No Data,83.0,70.0,656.0,36.0,1.0.86939,ios,15.1,605342.0,605342.0,Not Applicable,No Data
2021-10-08T11:44:26.132Z,2021-10-08T12:16:50.498Z,WORKOUT,RUNNING,Automatic,-5.0,61.4061,1740000.0,204366.0,173.0,150.0,4658.0,500.0,1.0.86939,ios,15.1,1944366.0,1944366.0,Not Applicable,No Data
2021-10-06T12:17:00.000Z,2021-10-06T12:31:00.000Z,WORKOUT,OTHER,Automatic,-5.0,13.15,120000.0,540000.0,171.0,108.0,460.0,101.0,1.0.86939,ios,15.1,840000.0,840000.0,Not Applicable,No Data
2021-10-06T11:46:51.974Z,2021-10-06T12:16:56.339Z,WORKOUT,RUNNING,Automatic,-5.0,57.934655,1736339.0,No Data,174.0,147.0,4867.0,449.0,1.0.86939,ios,15.1,1804365.0,1804365.0,Not Applicable,No Data
2021-10-04T23:36:45.606Z,2021-10-05T00:07:38.643Z,WORKOUT,RUNNING,Automatic,-5.0,55.0941975,1560000.0,180000.0,164.0,145.0,4388.0,452.0,1.0.86939,ios,15.1,1853037.0,1853037.0,Not Applicable,No Data
2021-10-03T20:20:23.161Z,2021-10-03T20:38:26.341Z,WORKOUT,WALKING,Automatic,-5.0,7.969715833333333,No Data,446341.0,117.0,92.0,1488.0,115.0,1.0.86939,ios,15.1,1083180.0,1083180.0,Not Applicable,No Data
2021-10-03T19:38:33.164Z,2021-10-03T19:57:38.353Z,WORKOUT,WALKING,Automatic,-5.0,2.8543241666666668,No Data,120000.0,109.0,82.0,1267.0,99.0,1.0.86939,ios,15.1,1145189.0,1145189.0,Not Applicable,No Data
2021-10-03T17:30:35.474Z,2021-10-03T17:50:58.678Z,WORKOUT,WALKING,Automatic,-5.0,1.9,No Data,60000.0,101.0,74.0,1732.0,93.0,1.0.86939,ios,15.1,1223204.0,1223204.0,Not Applicable,No Data
2021-10-03T16:56:18.037Z,2021-10-03T17:16:25.532Z,WORKOUT,WALKING,Automatic,-5.0,4.634969166666667,No Data,240000.0,112.0,78.0,1239.0,93.0,1.0.86939,ios,15.1,1207495.0,1207495.0,Not Applicable,No Data
2021-10-03T13:36:33.072Z,2021-10-03T14:08:32.948Z,WORKOUT,RUNNING,Automatic,-5.0,57.62157333333333,1620000.0,212948.0,165.0,144.0,4457.0,462.0,1.0.86939,ios,15.1,1919876.0,1919876.0,Not Applicable,No Data
2021-10-02T20:01:51.215Z,2021-10-02T20:34:45.285Z,WORKOUT,RUNNING,Automatic,-5.0,59.76207083333333,1620000.0,345285.0,153.0,137.0,4481.0,444.0,1.0.86939,ios,15.1,1974070.0,1974070.0,Not Applicable,No Data
2021-09-29T13:14:00.000Z,2021-09-29T13:56:00.000Z,WORKOUT,OTHER,Automatic,-5.0,20.7,No Data,1200000.0,121.0,91.0,1512.0,207.0,1.0.86939,ios,15.1,2520000.0,2520000.0,Not Applicable,No Data
2021-09-29T11:58:35.741Z,2021-09-29T12:09:31.260Z,WORKOUT,RUNNING,Automatic,-5.0,16.404316666666666,420000.0,144259.0,160.0,134.0,1305.0,145.0,1.0.86939,ios,15.1,655519.0,655519.0,Not Applicable,No Data
2021-09-29T11:24:00.000Z,2021-09-29T12:00:00.000Z,WORKOUT,OTHER,Automatic,-5.0,16.85,120000.0,720000.0,139.0,94.0,1677.0,229.0,1.0.86939,ios,15.1,2160000.0,2160000.0,Not Applicable,No Data
2021-09-29T10:20:00.000Z,2021-09-29T10:44:00.000Z,WORKOUT,OTHER,Automatic,-5.0,26.3,480000.0,600000.0,149.0,111.0,2298.0,227.0,1.0.86939,ios,15.1,1440000.0,1440000.0,Not Applicable,No Data
2021-09-29T08:09:00.000Z,2021-09-29T08:30:00.000Z,WORKOUT,OTHER,Automatic,-5.0,11.05,No Data,660000.0,134.0,111.0,27.0,103.0,1.0.86939,ios,15.1,1260000.0,1260000.0,Not Applicable,No Data
2021-09-28T12:57:15.873Z,2021-09-28T13:25:28.212Z,WORKOUT,WALKING,Automatic,-5.0,10.60896,No Data,584127.0,121.0,94.0,1609.0,94.0,1.0.86939,ios,15.0,1692339.0,1692339.0,Not Applicable,No Data
2021-09-28T11:56:00.000Z,2021-09-28T12:42:00.000Z,WORKOUT,OTHER,Automatic,-5.0,16.2,No Data,900000.0,113.0,91.0,2089.0,152.0,1.0.86939,ios,15.0,2760000.0,2760000.0,Not Applicable,No Data
2021-09-28T10:57:00.000Z,2021-09-28T11:22:00.000Z,WORKOUT,OTHER,Automatic,-5.0,16.4,No Data,960000.0,136.0,98.0,680.0,84.0,1.0.86939,ios,15.0,1500000.0,1500000.0,Not Applicable,No Data
2021-09-28T10:05:11.133Z,2021-09-28T10:56:40.224Z,WORKOUT,RUNNING,Automatic,-5.0,94.7111225,2640000.0,400224.0,166.0,148.0,7611.0,548.0,1.0.86939,ios,15.0,3089091.0,3089091.0,Not Applicable,No Data
2021-09-27T12:59:00.000Z,2021-09-27T13:25:00.000Z,WORKOUT,OTHER,Automatic,-5.0,14.3,No Data,840000.0,111.0,95.0,718.0,76.0,1.0.86939,ios,15.0,1560000.0,1560000.0,Not Applicable,No Data
2021-09-27T12:19:08.473Z,2021-09-27T12:58:47.413Z,WORKOUT,RUNNING,Automatic,-5.0,72.83315583333334,2040000.0,287413.0,159.0,143.0,5680.0,396.0,1.0.86939,ios,15.0,2378940.0,2378940.0,Not Applicable,No Data
2021-09-26T15:24:57.815Z,2021-09-26T16:03:50.992Z,WORKOUT,RUNNING,Automatic,-5.0,72.90168750000001,2100000.0,170992.0,165.0,147.0,5740.0,412.0,1.0.86939,ios,15.0,2333177.0,2333177.0,Not Applicable,No Data
2021-09-25T16:42:43.950Z,2021-09-25T17:20:33.052Z,WORKOUT,RUNNING,Automatic,-5.0,72.41923333333332,2133052.0,76050.0,171.0,148.0,5685.0,400.0,1.0.86939,ios,15.0,2269102.0,2269102.0,Not Applicable,No Data
2021-09-24T13:14:00.000Z,2021-09-24T13:52:00.000Z,WORKOUT,OTHER,Automatic,-5.0,26.4,No Data,1560000.0,111.0,97.0,999.0,117.0,1.0.86939,ios,15.0,2280000.0,2280000.0,Not Applicable,No Data
2021-09-24T12:30:07.142Z,2021-09-24T13:13:14.739Z,WORKOUT,RUNNING,Automatic,-5.0,76.28969833333333,2040000.0,494739.0,172.0,150.0,6007.0,472.0,1.0.86939,ios,15.0,2587597.0,2587597.0,Not Applicable,No Data
2021-09-23T13:00:00.000Z,2021-09-23T13:27:00.000Z,WORKOUT,OTHER,Automatic,-5.0,16.35,No Data,960000.0,120.0,95.0,421.0,82.0,1.0.86939,ios,15.0,1620000.0,1620000.0,Not Applicable,No Data
2021-09-23T12:18:41.932Z,2021-09-23T12:59:29.798Z,WORKOUT,RUNNING,Automatic,-5.0,76.51169,2160000.0,269798.0,165.0,143.0,5979.0,413.0,1.0.86939,ios,15.0,2447866.0,2447866.0,Not Applicable,No Data