"","Date","Activity","Duration","Distance","Avg.Pace","Max.Pace","Avg.Spd","Cal.Burned","Avg.HR","Steps","mileage","minutes","year"
"1",2022-12-04,"Run",2093,3.1,11.25,1.57,5.33,440,134,3227,"FiveK",34.88,2022
"2",2022-12-03,"Run",3854,6.21,10.34,0.52,5.8,762,153,10072,"TenK",64.23,2022
"3",2022-11-27,"Run",3884,6.26,10.33,0.91,5.81,769,147,10292,"TenK",64.73,2022
"4",2022-11-26,"Run",1804,3.1,9.7,1.45,6.19,415,150,4660,"FiveK",30.07,2022
"5",2022-11-24,"Run",1658,3.1,8.91,3.98,6.73,403,145,4439,"FiveK",27.63,2022
"6",2022-11-23,"Run",1801,3.1,9.68,5.58,6.2,414,160,2052,"FiveK",30.02,2022
"7",2022-11-22,"Run",1803,3.1,9.69,13.66,6.19,415,163,15,"FiveK",30.05,2022
"8",2022-11-19,"Run",1956,3.1,10.52,5.7,5.71,428,157,4102,"FiveK",32.6,2022
"9",2022-11-14,"Run",1870,3.1,10.05,0,5.97,420,149,4948,"FiveK",31.17,2022
"10",2022-11-10,"Run",1970,3.1,10.59,0,5.66,429,149,5187,"FiveK",32.83,2022
"11",2022-11-09,"Run",1865,3.1,10.03,0,5.98,420,149,4936,"FiveK",31.08,2022
"12",2022-11-05,"Run",7665,13.1,9.75,0.45,6.15,1756,145,20519,"HalfMar",127.75,2022
"13",2022-11-02,"Run",2794,4.87,9.56,1.67,6.27,648,156,4377,"FiveK",46.57,2022
"14",2022-10-29,"Run",2052,3.1,11.03,1.31,5.44,436,145,3445,"FiveK",34.2,2022
"15",2022-10-23,"Run",1695,3.11,9.07,1.72,6.62,375,161,4465,"FiveK",28.25,2022
"16",2022-10-22,"Run",1605,3.1,8.63,0,6.95,404,163,4314,"FiveK",26.75,2022
"17",2022-10-16,"Run",3977,6.26,10.59,0.88,5.66,815,151,10532,"TenK",66.28,2022
"18",2022-10-15,"Indoor Run / Jog",1635,3.1,8.79,9.82,6.83,403,153,4237,"FiveK",27.25,2022
"19",2022-10-12,"Run",1744,2.89,10.06,1.95,5.97,354,159,4608,"Short",29.07,2022
"20",2022-10-10,"Run",8937,13.1,11.37,0.26,5.28,1867,146,22295,"HalfMar",148.95,2022
"21",2022-10-02,"Run",6544,10.49,10.4,0.15,5.77,1257,143,17144,"TenM",109.07,2022
"22",2022-10-01,"Run",4195,6.5,10.75,0.55,5.58,872,152,11068,"TenK",69.92,2022
"23",2022-09-25,"Run",5803,9.02,10.72,0.82,5.6,1261,159,15198,"TenK",96.72,2022
"24",2022-09-24,"Run",2799,4.65,10.03,1.17,5.98,618,162,7380,"FiveK",46.65,2022
"25",2022-09-23,"Run",1775,3.1,9.54,0,6.29,412,149,4721,"FiveK",29.58,2022
"26",2022-09-18,"Indoor Run / Jog",1779,3.1,9.56,10.57,6.27,413,138,4212,"FiveK",29.65,2022
"27",2022-09-17,"Run",1892,3.11,10.14,0.45,5.91,415,159,4970,"FiveK",31.53,2022
"28",2022-11-20,"Run",2273,3.66,10.35,0.47,5.8,459,146,6002,"FiveK",37.88,2022
"29",2022-07-20,"Run",2844,4.9,9.67,0,6.2,655,149,7554,"FiveK",47.4,2022
"30",2022-05-20,"Run",3964,5.01,13.18,0.4,4.55,629,125,8485,"FiveK",66.07,2022
"31",2022-04-20,"Run",2584,3.75,11.49,1.28,5.22,491,143,6236,"FiveK",43.07,2022
"32",2022-03-20,"Run",2941,4.5,10.89,2.25,5.51,601,151,7436,"FiveK",49.02,2022
"33",2022-02-20,"Indoor Run / Jog",3600,5.85,10.26,10.42,5.85,800,133,9604,"FiveK",60,2022
"34",2022-08-31,"Run",2913,5.01,9.69,0,6.19,670,149,4716,"FiveK",48.55,2022
"35",2022-08-30,"Indoor Run / Jog",1723,3.1,9.26,9.31,6.48,408,147,4396,"FiveK",28.72,2022
"36",2022-08-29,"Indoor Run / Jog",1777,3.1,9.55,10.06,6.28,412,134,4270,"FiveK",29.62,2022
"37",2022-08-28,"Run",4333,5.2,13.88,8.19,4.32,628,107,9242,"FiveK",72.22,2022
"38",2022-08-27,"Run",3953,4.73,13.91,8.97,4.31,610,119,8206,"FiveK",65.88,2022
"39",2022-08-26,"Indoor Run / Jog",1801,3.1,9.68,9.66,6.2,414,142,4616,"FiveK",30.02,2022
"40",2022-08-22,"Indoor Run / Jog",1801,3.1,9.68,9.96,6.2,414,144,4599,"FiveK",30.02,2022
"41",2022-08-20,"Run",11065,13.11,14.07,7.71,4.27,1544,140,22531,"HalfMar",184.42,2022
"42",2022-08-17,"Indoor Run / Jog",3600,6.56,9.15,10.37,6.56,859,147,9295,"TenK",60,2022
"43",2022-08-15,"Indoor Run / Jog",3600,4.74,12.66,10.42,4.74,632,122,8146,"FiveK",60,2022
"44",2022-08-14,"Run",4663,6.38,12.17,8.82,4.93,618,128,11001,"TenK",77.72,2022
"45",2022-08-12,"Indoor Run / Jog",3617,6.21,9.71,9.71,6.18,831,144,9306,"TenK",60.28,2022
"46",2022-08-11,"Run",3712,4.63,13.37,1.55,4.49,576,116,7878,"FiveK",61.87,2022
"47",2022-08-10,"Run",4441,7.02,10.54,0.97,5.69,863,144,11520,"TenK",74.02,2022
"48",2022-08-09,"Run",4274,6.35,11.21,1.05,5.35,626,145,11074,"TenK",71.23,2022
"49",2022-08-08,"Run",4013,6.35,10.53,0.5,5.7,797,146,10360,"TenK",66.88,2022
"50",2022-08-06,"Walk",2267,2.14,17.64,2.31,3.4,290,119,4141,"Short",37.78,2022
"51",2022-08-06,"Run",1410,2.37,9.91,0.95,6.05,311,152,3639,"Short",23.5,2022
"52",2022-08-03,"Run",3600,6.09,9.85,0,6.09,820,149,9545,"FiveK",60,2022
"53",2022-07-30,"Run",5187,8,10.81,0,5.55,1117,149,13634,"TenK",86.45,2022
"54",2022-07-28,"Run",1905,3.16,10.06,0.38,5.96,314,158,5020,"FiveK",31.75,2022
"55",2022-07-25,"Run",6268,4.26,24.48,0.83,2.45,430,87,8227,"FiveK",104.47,2022
"56",2022-07-24,"Run",1805,3.1,9.7,0,6.18,415,149,4793,"FiveK",30.08,2022
"57",2022-07-21,"Walk",1657,1.6,17.21,1.7,3.49,227,131,3001,"Short",27.62,2022
"58",2022-07-21,"Run",1857,3.1,9.98,1.21,6.01,422,158,4849,"FiveK",30.95,2022
"59",2022-07-20,"Run",3689,6.2,9.92,0,6.05,836,149,9775,"TenK",61.48,2022
"60",2022-07-18,"Run",5709,9,10.57,0.46,5.68,1175,143,14918,"TenK",95.15,2022
"61",2022-07-17,"Run",1593,3.1,8.56,0,7.01,404,149,4286,"FiveK",26.55,2022
"62",2022-07-16,"Run",1698,3.1,9.13,0,6.57,405,149,4537,"FiveK",28.3,2022
"63",2022-07-14,"Run",2157,3.76,9.56,1,6.27,452,148,5684,"FiveK",35.95,2022
"64",2022-07-13,"Run",1912,3.11,10.25,1.09,5.85,398,150,4991,"FiveK",31.87,2022
"65",2022-07-12,"Run",1968,3.11,10.55,1.07,5.69,421,155,5134,"FiveK",32.8,2022
"66",2022-07-11,"Run",1409,2,11.74,1.91,5.11,197,145,3302,"Short",23.48,2022
"67",2022-07-10,"Run",2301,3.1,12.37,0.99,4.85,429,149,5125,"FiveK",38.35,2022
"68",2022-07-09,"Run",2005,3.1,10.77,1.17,5.57,430,157,5261,"FiveK",33.42,2022
"69",2022-07-08,"Run",1988,3.11,10.65,3.88,5.63,454,165,5202,"FiveK",33.13,2022
"70",2022-06-24,"Run",1554,3.1,8.35,0,7.18,400,149,4192,"FiveK",25.9,2022
"71",2022-06-23,"Run",1748,3.1,9.4,0,6.38,410,149,4656,"FiveK",29.13,2022
"72",2022-06-22,"Run",1665,3.1,8.95,0,6.7,403,149,4458,"FiveK",27.75,2022
"73",2022-06-19,"Run",1800,2.66,11.28,0,5.32,378,149,4713,"Short",30,2022
"74",2022-06-18,"Run",1698,2.58,10.97,1.11,5.47,370,159,4431,"Short",28.3,2022
"75",2022-06-17,"Run",1391,2.33,9.95,0,6.03,315,149,3684,"Short",23.18,2022
"76",2022-06-15,"Run",1691,3.1,9.09,0,6.6,405,149,4520,"FiveK",28.18,2022
"77",2022-06-12,"Run",1955,3.1,10.52,3.01,5.71,428,149,5052,"FiveK",32.58,2022
"78",2022-06-10,"Run",4182,6.2,11.23,0.6,5.34,881,153,10479,"TenK",69.7,2022
"79",2022-06-08,"Run",1702,3.11,9.12,0,6.58,407,153,4548,"FiveK",28.37,2022
"80",2022-06-06,"Run",2924,4.5,10.82,1.15,5.54,590,145,7739,"FiveK",48.73,2022
"81",2022-06-05,"Walk",2402,1.88,21.28,1.79,2.82,253,109,3994,"Short",40.03,2022
"82",2022-06-05,"Run",1487,2.44,10.17,0.45,5.9,302,148,3889,"Short",24.78,2022
"83",2022-06-04,"Run",3946,6.24,10.53,1.07,5.7,856,156,10427,"TenK",65.77,2022
"84",2022-06-03,"Run",1864,3.11,9.99,0.95,6.01,397,152,4863,"FiveK",31.07,2022
"85",2022-06-01,"Run",1817,3.1,9.77,0,6.14,416,149,4822,"FiveK",30.28,2022
"86",2022-05-31,"Run",2377,4.08,9.71,1.28,6.18,546,145,4048,"FiveK",39.62,2022
"87",2022-05-30,"Run",1873,3.1,10.06,0.45,5.96,418,159,4873,"FiveK",31.22,2022
"88",2022-05-28,"Run",1852,3.11,9.93,2.82,6.04,426,162,4867,"FiveK",30.87,2022
"89",2022-05-27,"Run",1691,3.1,9.09,0,6.6,405,149,4520,"FiveK",28.18,2022
"90",2022-05-25,"Run",3735,6.21,10.03,0.99,5.98,801,150,9802,"TenK",62.25,2022
"91",2022-05-24,"Run",1731,3.1,9.31,0,6.45,408,149,4616,"FiveK",28.85,2022
"92",2022-05-22,"Run",1865,3.1,10.03,0,5.98,420,149,4936,"FiveK",31.08,2022
"93",2022-05-20,"Run",1827,3.1,9.82,0,6.11,417,149,4845,"FiveK",30.45,2022
"94",2022-05-20,"Run",1839,3.1,9.88,1.32,6.07,394,149,4858,"FiveK",30.65,2022
"95",2022-05-17,"Run",3843,6.2,10.32,1.04,5.81,840,151,10162,"TenK",64.05,2022
"96",2022-05-16,"Run",1777,3.11,9.53,0.97,6.3,395,145,4650,"FiveK",29.62,2022
"97",2022-05-14,"Run",1851,3.1,9.95,0,6.03,419,149,4903,"FiveK",30.85,2022
"98",2022-05-13,"Run",3430,6.2,9.22,0,6.51,814,149,9155,"TenK",57.17,2022
"99",2022-05-11,"Run",2989,5,9.96,1.08,6.03,656,146,7917,"FiveK",49.82,2022
"100",2022-05-09,"Run",1802,3.11,9.66,0.94,6.21,391,140,4782,"FiveK",30.03,2022
"101",2022-05-08,"Run",1376,2.35,9.74,1.03,6.16,313,156,3622,"Short",22.93,2022
"102",2022-05-07,"Run",1516,2.59,9.75,0.43,6.16,348,154,4043,"Short",25.27,2022
"103",2022-05-07,"Run",1974,3.1,10.61,0,5.65,430,149,5197,"FiveK",32.9,2022
"104",2022-05-06,"Run",3701,6.21,9.94,0.43,6.04,796,148,9854,"TenK",61.68,2022
"105",2022-05-05,"Run",2670,4.52,9.85,1.08,6.09,605,151,7087,"FiveK",44.5,2022
"106",2022-05-03,"Run",1665,3.1,8.95,0,6.7,403,149,4458,"FiveK",27.75,2022
"107",2022-05-01,"Run",1727,3.1,9.27,0.45,6.47,402,158,4584,"FiveK",28.78,2022
"108",2022-04-30,"Run",1356,2.43,9.31,0.14,6.45,328,163,3579,"Short",22.6,2022
"109",2022-04-29,"Run",3774,6.2,10.14,0.99,5.92,816,149,10012,"TenK",62.9,2022
"110",2022-04-29,"Run",1539,3.1,8.27,0,7.25,399,149,4157,"FiveK",25.65,2022
"111",2022-04-28,"Run",1659,3.11,8.9,0.86,6.74,398,149,4445,"FiveK",27.65,2022
"112",2022-04-27,"Run",1880,3.51,8.93,1.03,6.72,444,152,5066,"FiveK",31.33,2022
"113",2022-04-25,"Run",1659,3.11,8.89,0.95,6.75,393,150,4440,"FiveK",27.65,2022
"114",2022-04-23,"Run",1604,3.1,8.62,0,6.96,404,149,4312,"FiveK",26.73,2022
"115",2022-04-23,"Run",1659,3.1,8.92,0,6.73,403,149,4444,"FiveK",27.65,2022
"116",2022-04-22,"Run",1700,3.1,9.14,0,6.56,406,149,4542,"FiveK",28.33,2022
"117",2022-04-21,"Run",1747,3.1,9.37,8.78,6.4,412,159,4639,"FiveK",29.12,2022
"118",2022-04-19,"Run",2863,5.02,9.5,8.6,6.32,650,152,7656,"FiveK",47.72,2022
"119",2022-04-18,"Run",1766,3.1,9.48,8.6,6.33,407,153,4696,"FiveK",29.43,2022
"120",2022-04-17,"Run",1800,3.1,9.68,0,6.2,414,149,4781,"FiveK",30,2022
"121",2022-04-15,"Run",1694,3.1,9.11,0,6.59,405,149,4527,"FiveK",28.23,2022
"122",2022-04-15,"Run",1384,2.34,9.86,7.92,6.08,312,151,3557,"Short",23.07,2022
"123",2022-04-10,"Run",1820,3.1,9.78,0,6.13,416,149,4829,"FiveK",30.33,2022
"124",2022-04-09,"Run",4924,7.53,10.91,8.82,5.5,1070,156,13023,"TenK",82.07,2022
"125",2022-04-03,"Run",145,0.25,9.57,8.95,6.27,30,144,372,"Short",2.42,2022
"126",2022-04-03,"Run",3852,6.2,10.35,8.11,5.8,881,161,10290,"TenK",64.2,2022
"127",2022-03-31,"Run",1761,3.1,9.47,0,6.34,411,149,4688,"FiveK",29.35,2022
"128",2022-03-27,"Run",394,0.66,9.9,9.02,6.06,93,148,999,"Short",6.57,2022
"129",2022-03-27,"Run",1811,3.1,9.72,7.5,6.17,402,155,4714,"FiveK",30.18,2022
"130",2022-03-25,"Run",1704,3.1,9.16,0,6.55,406,149,4551,"FiveK",28.4,2022
"131",2022-03-23,"Run",1803,3.1,9.69,0,6.19,415,149,4788,"FiveK",30.05,2022
"132",2022-03-20,"Run",3694,6.2,9.93,0,6.04,837,149,9787,"TenK",61.57,2022
"133",2022-03-19,"Run",3613,6.2,9.71,0,6.18,830,149,9593,"TenK",60.22,2022
"134",2022-03-13,"Run",1847,3.1,9.93,0,6.04,418,149,4893,"FiveK",30.78,2022
"135",2022-03-11,"Run",3834,6.2,10.3,0.96,5.83,817,155,10219,"TenK",63.9,2022
"136",2022-03-10,"Run",1750,3.1,9.41,0,6.38,410,149,4661,"FiveK",29.17,2022
"137",2022-03-09,"Run",1757,3.1,9.45,0,6.35,411,149,4678,"FiveK",29.28,2022
"138",2022-03-06,"Run",9189,13.1,11.69,0.68,5.13,1854,156,22087,"HalfMar",153.15,2022
"139",2022-03-05,"Run",1886,3.1,10.14,0,5.92,422,149,4987,"FiveK",31.43,2022
"140",2022-03-05,"Run",3688,3.1,19.83,0,3.03,301,149,9296,"FiveK",61.47,2022
"141",2022-03-01,"Run",6776,10.51,10.75,0,5.58,1464,149,18259,"TenM",112.93,2022
"142",2022-02-27,"Run",3548,6.2,9.54,0,6.29,824,149,9437,"TenK",59.13,2022
"143",2022-02-27,"Run",3600,5.75,10.43,0,5.75,791,149,9493,"FiveK",60,2022
"144",2022-02-23,"Run",1600,3.1,8.6,0,6.97,404,149,4303,"FiveK",26.67,2022
"145",2022-02-21,"Walk",4837,4.07,19.77,0.38,3.03,487,100,5841,"FiveK",80.62,2022
"146",2022-02-21,"Run",2071,3.61,9.57,0.94,6.27,475,161,5569,"FiveK",34.52,2022
"147",2022-02-17,"Run",1620,3.1,8.71,0,6.89,403,149,4350,"FiveK",27,2022
"148",2022-02-16,"Run",1132,2,9.43,0,6.36,265,149,3014,"Short",18.87,2022
"149",2022-02-13,"Run",1611,3.1,8.66,0,6.93,403,149,4329,"FiveK",26.85,2022
"150",2022-02-12,"Run",1767,3.1,9.5,0,6.32,411,149,4702,"FiveK",29.45,2022
"151",2022-02-11,"Run",1641,3.1,8.82,0,6.8,403,149,4401,"FiveK",27.35,2022
"152",2022-02-10,"Run",1521,3.1,8.18,0,7.34,397,149,4114,"FiveK",25.35,2022
"153",2022-02-02,"Run",1722,3.1,9.24,1.55,6.49,399,151,4592,"FiveK",28.7,2022
"154",2022-02-01,"Run",1718,3.11,9.21,0.41,6.51,400,150,4610,"FiveK",28.63,2022
"155",2022-01-31,"Run",219,0.44,8.26,4.37,7.27,54,156,576,"Short",3.65,2022
"156",2022-01-31,"Run",1172,2.23,8.74,4.01,6.87,287,156,3126,"Short",19.53,2022
"157",2022-01-30,"Run",1707,3.2,8.89,0,6.75,416,149,4574,"FiveK",28.45,2022
"158",2022-01-29,"Run",2359,3.29,11.95,0,5.02,455,149,6147,"FiveK",39.32,2022
"159",2022-01-26,"Run",1727,3.11,9.26,0.45,6.48,404,160,4630,"FiveK",28.78,2022
"160",2022-01-26,"Run",1610,3.1,8.66,0,6.93,403,149,4326,"FiveK",26.83,2022
"161",2022-01-23,"Run",1599,3.1,8.6,0,6.98,404,149,4300,"FiveK",26.65,2022
"162",2022-01-22,"Run",1647,3.1,8.85,0,6.78,403,149,4415,"FiveK",27.45,2022
"163",2022-01-20,"Run",1578,2.5,10.52,0,5.7,345,149,5532,"Short",26.3,2022
"164",2022-01-18,"Walk",2547,1.71,24.77,0.89,2.42,244,94,3313,"Short",42.45,2022
"165",2022-01-18,"Run",1331,2.24,9.9,0.43,6.06,292,146,3526,"Short",22.18,2022
"166",2022-01-17,"Run",3720,6.2,10,0,6,839,149,9849,"TenK",62,2022
"167",2022-01-15,"Run",1672,3.1,8.99,0,6.67,403,149,4475,"FiveK",27.87,2022
"168",2022-01-13,"Run",1775,3.1,9.53,0.44,6.29,401,150,4736,"FiveK",29.58,2022
"169",2022-01-12,"Run",1821,3.1,9.77,1,6.14,408,154,4852,"FiveK",30.35,2022
"170",2022-01-11,"Run",3703,6.2,9.95,0.97,6.03,827,156,9778,"TenK",61.72,2022
"171",2022-01-10,"Run",1647,3.1,8.85,31.95,6.78,403,158,4217,"FiveK",27.45,2022
"172",2022-01-09,"Walk",3130,2.69,19.4,0.87,3.09,394,106,5453,"Short",52.17,2022
"173",2022-01-09,"Run",1485,2.67,9.26,4.44,6.48,344,157,3932,"Short",24.75,2022
"174",2022-01-08,"Run",1704,3.1,9.16,0,6.55,406,149,4551,"FiveK",28.4,2022
"175",2022-01-03,"Run",1599,3.1,8.6,0,6.98,404,149,4300,"FiveK",26.65,2022
"176",2022-01-01,"Run",1575,3.1,8.47,0,7.09,402,149,4243,"FiveK",26.25,2022
"177",2021-12-31,"Run",1521,3.1,8.18,0,7.34,397,149,4114,"FiveK",25.35,2021
"178",2021-12-29,"Run",1692,3.1,9.1,0,6.6,405,149,4523,"FiveK",28.2,2021
"179",2021-12-28,"Run",1760,3.1,9.46,0,6.34,411,149,4685,"FiveK",29.33,2021
"180",2021-12-27,"Run",1686,3.1,9.06,0,6.62,404,149,4508,"FiveK",28.1,2021
"181",2021-12-23,"Run",3744,6.2,10.06,0.45,5.97,816,151,9888,"TenK",62.4,2021
"182",2021-12-22,"Run",3633,6.2,9.76,0.8,6.15,720,149,9628,"TenK",60.55,2021
"183",2021-12-20,"Run",2058,3.23,10.62,0,5.65,448,149,5418,"FiveK",34.3,2021
"184",2021-12-18,"Run",3397,6.18,9.15,1.4,6.55,821,163,9059,"FiveK",56.62,2021
"185",2021-12-16,"Run",1717,3.1,9.21,6.81,6.52,401,149,4535,"FiveK",28.62,2021
"186",2021-12-15,"Run",1642,3.1,8.83,0,6.8,403,149,4403,"FiveK",27.37,2021
"187",2021-12-14,"Run",1690,3.1,9.09,0,6.6,405,149,4518,"FiveK",28.17,2021
"188",2021-12-13,"Run",1774,3.07,9.62,0.43,6.24,410,149,4702,"Short",29.57,2021
"189",2021-12-10,"Run",3890,6.2,10.45,0.48,5.74,870,148,10214,"TenK",64.83,2021
"190",2021-12-09,"Run",1743,3.11,9.35,1.34,6.42,399,156,4610,"FiveK",29.05,2021
"191",2021-12-05,"Run",9540,13.13,12.11,1.35,4.96,1876,148,22488,"HalfMar",159,2021
"192",2021-12-04,"Run",3600,6.2,9.68,0,6.2,829,149,9562,"TenK",60,2021
"193",2021-12-03,"Run",3784,6.21,10.15,0.46,5.91,852,157,9940,"TenK",63.07,2021
"194",2021-12-02,"Run",2187,3.58,10.18,1.05,5.89,460,150,5802,"FiveK",36.45,2021
"195",2021-12-01,"Run",3840,6.21,10.3,1.07,5.83,866,159,10188,"TenK",64,2021
"196",2021-11-30,"Run",2292,3.1,12.32,0,4.87,420,149,5958,"FiveK",38.2,2021
"197",2021-11-28,"Run",1799,2.79,10.73,1.31,5.59,386,159,4505,"Short",29.98,2021
"198",2021-11-23,"Run",2966,5,9.89,0,6.07,674,149,7861,"FiveK",49.43,2021
"199",2021-11-22,"Run",1783,3.11,9.55,4.62,6.28,400,150,4789,"FiveK",29.72,2021
"200",2021-11-20,"Run",1748,3.1,9.4,0,6.38,410,149,4656,"FiveK",29.13,2021
"201",2021-11-17,"Run",1723,3.1,9.26,0,6.48,408,149,4597,"FiveK",28.72,2021
"202",2021-11-16,"Run",1818,3.1,9.77,0,6.14,416,149,4824,"FiveK",30.3,2021
"203",2021-11-15,"Run",1800,3.18,9.43,0,6.36,421,149,4793,"FiveK",30,2021
"204",2021-11-14,"Run",3600,6.3,9.52,0,6.3,837,149,9577,"TenK",60,2021
"205",2021-11-13,"Run",3600,6.26,9.58,0,6.26,834,149,9571,"TenK",60,2021
"206",2021-11-12,"Run",1872,3.1,10.06,0,5.96,421,149,4953,"FiveK",31.2,2021
"207",2021-11-11,"Run",2582,5,8.61,0,6.97,651,149,6943,"FiveK",43.03,2021
"208",2021-11-10,"Run",1703,3.1,9.16,0,6.55,406,149,4549,"FiveK",28.38,2021
"209",2021-11-10,"Run",1806,3.14,9.59,0.44,6.26,403,156,4804,"FiveK",30.1,2021
"210",2021-11-04,"Run",1674,3.1,9,0,6.67,403,149,4479,"FiveK",27.9,2021
"211",2021-10-30,"Run",1683,3.1,9.05,0,6.63,404,149,4501,"FiveK",28.05,2021
"212",2021-10-23,"Run",1777,3.1,9.55,0,6.28,412,149,4726,"FiveK",29.62,2021
"213",2021-10-16,"Run",5964,10,9.94,0.46,6.04,1351,154,16017,"TenM",99.4,2021
"214",2021-10-15,"Run",1577,3.1,8.48,0,7.08,402,149,4247,"FiveK",26.28,2021
"215",2021-10-14,"Run",2081,3.57,9.73,2.66,6.17,457,143,5598,"FiveK",34.68,2021
"216",2021-10-13,"Run",2072,3.56,9.7,0.44,6.19,456,146,5526,"FiveK",34.53,2021
"217",2021-10-12,"Run",1450,2.5,9.66,7.72,6.21,363,154,3876,"Short",24.17,2021
"218",2021-10-11,"Run",1516,3.1,8.15,0,7.36,396,149,4102,"FiveK",25.27,2021
"219",2021-10-09,"Run",1572,3.09,8.49,2.37,7.07,437,165,4217,"Short",26.2,2021
"220",2021-10-06,"Run",1800,3.1,9.66,5.58,6.21,403,148,4796,"FiveK",30,2021
"221",2021-10-05,"Run",1557,3.1,8.37,0,7.17,400,149,4200,"FiveK",25.95,2021
"222",2021-10-03,"Run",1581,3.1,8.5,0,7.06,402,149,4257,"FiveK",26.35,2021
"223",2021-10-02,"Run",1630,3.1,8.76,0,6.85,403,149,4374,"FiveK",27.17,2021
"224",2021-09-28,"Run",2573,4.4,9.74,0.9,6.16,603,153,6816,"FiveK",42.88,2021
"225",2021-09-27,"Run",2012,3.57,9.4,0.96,6.38,457,150,5405,"FiveK",33.53,2021
"226",2021-09-26,"Run",2135,4,8.9,0,6.74,520,149,5720,"FiveK",35.58,2021
"227",2021-09-25,"Run",2164,4,9.02,0,6.65,521,149,5790,"FiveK",36.07,2021
"228",2021-09-24,"Run",2015,3.56,9.44,4.25,6.36,494,161,5340,"FiveK",33.58,2021
"229",2021-09-23,"Run",2143,3.56,10.04,2.4,5.98,469,146,5720,"FiveK",35.72,2021
"230",2021-09-17,"Run",1809,3.1,9.73,0,6.17,415,149,4802,"FiveK",30.15,2021
"231",2021-09-17,"Run",1719,3.1,9.24,0,6.49,407,149,4587,"FiveK",28.65,2021
"232",2021-09-13,"Run",2021,3.5,9.61,0.43,6.24,449,148,5376,"FiveK",33.68,2021
"233",2021-12-20,"Run",1864,3.1,10.02,0,5.99,420,149,4934,"FiveK",31.07,2021
"234",2021-11-20,"Run",1854,3.1,9.97,0,6.02,419,149,4910,"FiveK",30.9,2021
"235",2021-09-20,"Walk",797,0.6,21.95,13.98,2.73,91,111,1219,"Short",13.28,2021
"236",2021-09-20,"Run",3855,6.24,10.29,1.04,5.83,925,148,10228,"TenK",64.25,2021
"237",2021-06-20,"Walk",3387,2.33,24.16,0.8,2.48,355,105,4560,"Short",56.45,2021
"238",2021-06-20,"Run",1461,2.47,9.87,0.93,6.08,320,146,3878,"Short",24.35,2021
"239",2021-04-20,"Walk",2210,2.62,14.06,0.88,4.27,309,81,5348,"Short",36.83,2021
"240",2021-04-20,"Run",1458,2.48,9.81,0.99,6.12,344,150,3865,"Short",24.3,2021
"241",2021-03-20,"Run",2367,4,9.86,2.88,6.09,550,155,6331,"FiveK",39.45,2021
"242",2021-01-20,"Run",1818,3.1,9.76,0.42,6.15,412,157,4864,"FiveK",30.3,2021
"243",2021-08-31,"Run",2043,3.56,9.56,5.08,6.27,453,150,5471,"FiveK",34.05,2021
"244",2021-08-29,"Run",1787,3.11,9.59,0.86,6.26,416,156,4710,"FiveK",29.78,2021
"245",2021-08-28,"Run",1815,3.1,9.74,1.21,6.16,420,157,4786,"FiveK",30.25,2021
"246",2021-08-26,"Run",4672,7.5,10.38,0.49,5.78,1055,152,12445,"TenK",77.87,2021
"247",2021-08-25,"Run",1748,3.1,9.38,0.11,6.39,399,150,4658,"FiveK",29.13,2021
"248",2021-08-24,"Run",1761,3.1,9.46,7.96,6.35,410,157,4707,"FiveK",29.35,2021
"249",2021-08-22,"Walk",2756,2.42,18.98,0.87,3.16,357,133,4938,"Short",45.93,2021
"250",2021-08-22,"Run",2400,3.92,10.21,1.04,5.88,570,157,6333,"FiveK",40,2021
"251",2021-08-21,"Walk",1825,1.63,18.7,1.76,3.21,224,132,3306,"Short",30.42,2021
"252",2021-08-21,"Run",149,0.25,9.98,1.1,6.01,31,163,375,"Short",2.48,2021
"253",2021-08-21,"Walk",392,0.29,22.87,2.65,2.62,41,139,654,"Short",6.53,2021
"254",2021-08-21,"Run",1467,2.44,10.03,1.02,5.98,348,162,3876,"Short",24.45,2021
"255",2021-08-20,"Run",4016,6.4,10.46,0.03,5.74,882,148,10673,"TenK",66.93,2021
"256",2021-08-18,"Run",1870,3.27,9.53,1.18,6.3,427,159,4958,"FiveK",31.17,2021
"257",2021-08-17,"Run",1868,3.1,10.03,1.14,5.98,409,144,4909,"FiveK",31.13,2021
"258",2021-08-16,"Walk",2607,2.9,14.98,0.85,4,301,103,1053,"Short",43.45,2021
"259",2021-08-16,"Run",1913,3.1,10.27,2.59,5.84,419,148,5065,"FiveK",31.88,2021
"260",2021-08-15,"Walk",2851,1.04,45.78,3,1.31,152,106,772,"Short",47.52,2021
"261",2021-08-15,"Run",1849,3.1,9.92,4.95,6.05,405,151,4939,"FiveK",30.82,2021
"262",2021-08-14,"Indoor Run / Jog",2208,1.78,20,15.3,3,351,126,3755,"Short",36.8,2021
"263",2021-08-14,"Run",1847,3.1,9.93,1.17,6.04,388,161,4934,"FiveK",30.78,2021
"264",2021-08-12,"Run",1880,3.1,10.1,1.06,5.94,453,156,5011,"FiveK",31.33,2021
"265",2021-08-11,"Run",1837,3.1,9.87,5.51,6.08,424,159,4849,"FiveK",30.62,2021
"266",2021-08-09,"Walk",4194,4.37,16,4.5,3.75,449,112,561,"FiveK",69.9,2021
"267",2021-08-09,"Run",1893,3.11,10.16,0.78,5.91,422,145,5032,"FiveK",31.55,2021
"268",2021-08-08,"Walk",1214,1.01,19.94,2.11,3.01,143,121,2116,"Short",20.23,2021
"269",2021-08-08,"Run",1852,3.1,9.94,1.02,6.04,476,151,4884,"FiveK",30.87,2021
"270",2021-08-07,"Walk",2077,1.8,19.27,0.24,3.11,266,120,3700,"Short",34.62,2021
"271",2021-08-07,"Run",1900,3.1,10.21,1,5.87,419,155,5043,"FiveK",31.67,2021
"272",2021-08-05,"Walk",1053,0.83,21.2,0.77,2.83,125,118,1709,"Short",17.55,2021
"273",2021-08-05,"Run",2153,3.5,10.25,1.12,5.85,477,152,5761,"FiveK",35.88,2021
"274",2021-08-04,"Run",1888,3.12,10.09,0.5,5.94,418,155,5010,"FiveK",31.47,2021
"275",2021-08-03,"Walk",2338,1.99,19.38,2.55,3.1,284,109,3767,"Short",38.97,2021
"276",2021-08-03,"Run",1758,2.83,10.36,1.39,5.79,368,146,4596,"Short",29.3,2021
"277",2021-08-02,"Walk",1182,0.73,26.97,12.48,2.22,112,114,1529,"Short",19.7,2021
"278",2021-08-02,"Run",1243,2.02,10.24,3.53,5.86,282,158,3299,"Short",20.72,2021
"279",2021-08-01,"Walk",2242,2.07,18.05,1.76,3.32,280,131,4051,"Short",37.37,2021
"280",2021-08-01,"Run",1187,2.01,9.84,1.21,6.1,254,160,3126,"Short",19.78,2021
"281",2021-07-29,"Run",2310,3.62,10.64,8.11,5.64,512,162,6041,"FiveK",38.5,2021
"282",2021-07-17,"Run",1798,3.1,9.67,0,6.21,414,149,4776,"FiveK",29.97,2021
"283",2021-07-11,"Walk",2061,1.97,17.41,0.93,3.45,275,109,3809,"Short",34.35,2021
"284",2021-07-11,"Run",2587,4.01,10.74,1.15,5.59,540,142,6834,"FiveK",43.12,2021
"285",2021-07-08,"Run",1850,3.1,9.93,1.08,6.04,406,158,4894,"FiveK",30.83,2021
"286",2021-07-06,"Run",1895,3.11,10.15,0.49,5.91,402,155,5029,"FiveK",31.58,2021
"287",2021-07-03,"Run",1555,2.6,9.97,1.15,6.02,337,161,4128,"Short",25.92,2021
"288",2021-07-01,"Run",1945,3.11,10.42,0.15,5.76,427,159,5139,"FiveK",32.42,2021
"289",2021-06-29,"Run",1866,3.11,10,1.11,6,407,156,4916,"FiveK",31.1,2021
"290",2021-06-25,"Indoor Run / Jog",1669,3.1,8.97,0,6.69,403,149,6859,"FiveK",27.82,2021
"291",2021-06-21,"Run",1796,2.43,12.32,0.96,4.87,334,139,4016,"Short",29.93,2021
"292",2021-06-15,"Run",2531,4.3,9.81,0.86,6.12,518,162,6368,"FiveK",42.18,2021
"293",2021-06-14,"Run",1815,3.1,9.74,1.11,6.16,393,154,4781,"FiveK",30.25,2021
"294",2021-06-12,"Run",3545,3.17,18.61,0.9,3.22,491,125,6108,"FiveK",59.08,2021
"295",2021-06-11,"Run",999,1.93,8.63,1.16,6.95,251,80,3224,"Short",16.65,2021
"296",2021-06-10,"Run",3165,3.32,15.9,1,3.77,485,135,5680,"FiveK",52.75,2021
"297",2021-06-06,"Run",4611,4.49,17.11,0.95,3.51,592,118,8019,"FiveK",76.85,2021
"298",2021-06-05,"Run",4023,3.97,16.88,0.95,3.55,541,119,6954,"FiveK",67.05,2021
"299",2021-06-04,"Run",1267,2.24,9.42,4.37,6.37,285,153,3388,"Short",21.12,2021
"300",2021-06-02,"Run",1897,3.1,10.2,0.13,5.88,423,149,5012,"FiveK",31.62,2021
"301",2021-05-31,"Run",2433,3.13,12.95,0.41,4.63,411,133,5499,"FiveK",40.55,2021
"302",2021-05-27,"Run",1025,1.99,8.6,0.92,6.98,261,169,2713,"Short",17.08,2021
"303",2021-05-26,"Run",5638,4.85,19.38,1.03,3.1,474,149,4317,"FiveK",93.97,2021
"304",2021-05-06,"Run",1821,3.1,9.79,0,6.13,416,149,4831,"FiveK",30.35,2021
"305",2021-05-02,"Run",3623,4.06,14.85,0.98,4.04,634,148,7027,"FiveK",60.38,2021
"306",2021-04-26,"Run",3002,5,10.01,1.35,6,674,156,8118,"FiveK",50.03,2021
"307",2021-04-24,"Run",6605,10,11,0.96,5.45,1471,152,17517,"TenM",110.08,2021
"308",2021-04-21,"Run",10191,13.48,12.6,0.48,4.76,1928,144,22719,"HalfMar",169.85,2021
"309",2021-04-19,"Run",5659,8.55,11.03,2.9,5.44,1264,159,14495,"TenK",94.32,2021
"310",2021-04-18,"Run",1605,3.1,8.63,0,6.95,404,149,4314,"FiveK",26.75,2021
"311",2021-04-17,"Run",1065,2,8.88,0,6.76,260,149,2854,"Short",17.75,2021
"312",2021-04-16,"Run",1948,3.1,10.47,0,5.73,427,149,5135,"FiveK",32.47,2021
"313",2021-04-16,"Run",1720,3.1,9.25,0,6.49,407,149,4590,"FiveK",28.67,2021
"314",2021-04-14,"Run",1776,3.1,9.55,0,6.28,412,149,4723,"FiveK",29.6,2021
"315",2021-04-12,"Run",4911,1.88,43.56,1.86,1.38,399,100,3534,"Short",81.85,2021
"316",2021-04-12,"Run",793,1.37,9.65,2.53,6.22,184,157,2059,"Short",13.22,2021
"317",2021-04-09,"Run",447,0.77,9.69,3.39,6.19,110,131,1199,"Short",7.45,2021
"318",2021-04-09,"Run",1076,1.78,10.09,3.8,5.94,234,122,2853,"Short",17.93,2021
"319",2021-04-07,"Run",4668,7.76,10.03,0,5.98,1052,144,12717,"TenK",77.8,2021
"320",2021-04-06,"Run",1778,3.1,9.55,0.86,6.28,417,165,4720,"FiveK",29.63,2021
"321",2021-04-04,"Run",1808,3.1,9.72,0,6.17,415,149,4800,"FiveK",30.13,2021
"322",2021-04-03,"Run",1874,3.1,10.08,0,5.96,421,149,4958,"FiveK",31.23,2021
"323",2021-04-01,"Run",1800,2.8,10.71,0,5.6,389,149,4735,"Short",30,2021
"324",2021-03-31,"Run",3355,4.46,12.55,0.5,4.78,597,149,7762,"FiveK",55.92,2021
"325",2021-03-27,"Indoor Run / Jog",2053,3.19,10.73,0,5.59,444,149,7058,"FiveK",34.22,2021
"326",2021-03-23,"Run",1830,2.66,11.46,1.24,5.23,369,152,4449,"Short",30.5,2021
"327",2021-03-21,"Run",3386,4.36,12.94,7.56,4.64,621,148,7572,"FiveK",56.43,2021
"328",2021-03-20,"Run",3969,4.97,13.31,1.08,4.51,744,149,8713,"FiveK",66.15,2021
"329",2021-03-18,"Indoor Run / Jog",1800,2.9,10.34,0,5.8,398,149,6417,"Short",30,2021
"330",2021-03-17,"Run",2619,4.14,10.52,1.04,5.7,616,164,6998,"FiveK",43.65,2021
"331",2021-03-16,"Run",2134,3.11,11.43,0.46,5.25,498,158,5416,"FiveK",35.57,2021
"332",2021-03-14,"Run",2352,3.11,12.6,0,4.76,416,149,6103,"FiveK",39.2,2021
"333",2021-03-13,"Run",2476,3.1,13.31,0,4.51,400,149,6398,"FiveK",41.27,2021
"334",2021-01-12,"Run",1745,3.1,9.38,0,6.4,410,149,4649,"FiveK",29.08,2021
"335",2021-01-10,"Run",1766,3.1,9.49,0,6.32,411,149,4700,"FiveK",29.43,2021
"336",2021-01-09,"Run",1809,3.1,9.73,0,6.17,415,149,4802,"FiveK",30.15,2021
"337",2021-01-02,"Run",1749,3.12,9.34,0,6.42,412,149,4662,"FiveK",29.15,2021
"338",2020-12-27,"Run",2491,3.15,13.16,0.1,4.56,410,149,5378,"FiveK",41.52,2020
"339",2020-12-06,"Run",2358,4.02,9.78,0,6.14,539,149,8895,"FiveK",39.3,2020
"340",2020-11-28,"Run",1674,3.1,9,0,6.67,403,149,6859,"FiveK",27.9,2020
"341",2020-11-26,"Run",2196,3.73,9.82,0,6.11,501,143,6121,"FiveK",36.6,2020
"342",2020-11-23,"Run",3733,6.2,10.03,0.97,5.98,841,157,10044,"TenK",62.22,2020
"343",2020-11-22,"Run",1800,3.34,8.98,0,6.68,434,149,4818,"FiveK",30,2020
"344",2020-11-21,"Run",4183,7.5,9.3,0,6.45,987,149,9761,"TenK",69.72,2020
"345",2020-11-19,"Run",1632,3.1,8.77,0,6.84,403,149,4379,"FiveK",27.2,2020
"346",2020-11-17,"Run",4204,6.19,11.32,0,5.3,881,149,11005,"FiveK",70.07,2020
"347",2020-11-04,"Run",3678,6.06,10,1.9,6,866,164,9863,"FiveK",61.3,2020
"348",2020-11-03,"Machine Workout",2640,4.5,9.78,0,6.14,304,149,9957,"FiveK",44,2020
"349",2020-11-01,"Run",1721,3.1,9.25,0,6.48,407,149,4592,"FiveK",28.68,2020
"350",2020-10-31,"Run",1581,3.1,8.5,0,7.06,402,149,4257,"FiveK",26.35,2020
"351",2020-10-30,"Run",1695,2.5,11.3,0,5.31,355,149,4438,"Short",28.25,2020
"352",2020-10-16,"Run",7059,10.88,10.81,0.77,5.55,1519,149,18553,"TenM",117.65,2020
"353",2020-10-15,"Run",1840,3.1,9.89,0.99,6.07,418,149,4980,"FiveK",30.67,2020
"354",2020-10-11,"Run",5424,6.58,13.74,0.03,4.37,813,127,11855,"TenK",90.4,2020
"355",2020-10-09,"Run",3600,6.47,9.27,0,6.47,851,149,9603,"TenK",60,2020
"356",2020-10-08,"Run",2065,3.85,8.93,0.41,6.72,482,144,5697,"FiveK",34.42,2020
"357",2020-10-07,"Run",3600,6.98,8.6,0,6.98,909,149,9681,"TenK",60,2020
"358",2020-10-06,"Run",2207,4,9.2,0,6.52,525,149,5892,"FiveK",36.78,2020
"359",2020-10-04,"Run",1501,3.1,8.07,0,7.44,395,149,4066,"FiveK",25.02,2020
"360",2020-10-03,"Run",2391,4.29,9.29,0.85,6.46,552,155,6455,"FiveK",39.85,2020
"361",2020-10-01,"Run",2688,5,8.96,0,6.7,649,149,7196,"FiveK",44.8,2020
"362",2020-09-29,"Run",4734,6.01,13.13,0.27,4.57,782,149,10584,"FiveK",78.9,2020
"363",2020-09-28,"Run",2138,4.02,8.87,0.9,6.77,521,164,5806,"FiveK",35.63,2020
"364",2020-09-26,"Run",3600,6.94,8.65,0,6.94,903,149,9675,"TenK",60,2020
"365",2020-09-25,"Run",3601,6.71,8.94,0,6.71,872,149,9642,"TenK",60.02,2020
"366",2020-09-23,"Run",5537,10.06,9.17,0,6.54,1318,149,14787,"TenM",92.28,2020
"367",2020-09-21,"Run",1446,3.1,7.77,0,7.72,387,149,3934,"FiveK",24.1,2020
"368",2020-09-20,"Run",3460,5.17,11.14,0.16,5.38,513,146,8503,"FiveK",57.67,2020
"369",2020-09-17,"Run",1807,3.01,10.01,0,6,408,149,4784,"Short",30.12,2020
"370",2020-09-16,"Run",3600,6.14,9.77,0,6.14,824,149,9552,"FiveK",60,2020
"371",2020-09-14,"Run",3600,6.78,8.85,0,6.78,881,149,9651,"TenK",60,2020
"372",2020-09-13,"Run",1537,3.1,8.26,0,7.26,398,149,4152,"FiveK",25.62,2020
"373",2020-10-20,"Run",5391,10.07,8.92,0,6.72,1308,149,14439,"TenM",89.85,2020
"374",2020-07-20,"Run",1749,3.1,9.4,0.99,6.38,337,163,4696,"FiveK",29.15,2020
"375",2020-06-20,"Run",1787,3.1,9.6,1.04,6.25,328,161,4819,"FiveK",29.78,2020
"376",2020-04-20,"Run",1434,3.01,7.94,0,7.56,381,149,3892,"Short",23.9,2020
"377",2020-02-20,"Run",1902,3.5,9.06,0,6.62,456,149,1814,"FiveK",31.7,2020
"378",2020-01-20,"Run",1594,3.1,8.57,0,7,404,149,4288,"FiveK",26.57,2020
"379",2020-08-29,"Run",1778,3.21,9.24,1.64,6.49,421,76,5219,"FiveK",29.63,2020
"380",2020-08-28,"Run",1263,1.88,11.18,1.85,5.37,199,142,3051,"Short",21.05,2020
"381",2020-08-25,"Run",1388,2.43,9.5,0.97,6.32,249,142,3759,"Short",23.13,2020
"382",2020-08-24,"Run",1031,1.9,9.02,0.87,6.65,108,150,2703,"Short",17.18,2020
"383",2020-08-21,"Run",1527,2.28,11.15,0.73,5.38,228,123,3576,"Short",25.45,2020
"384",2020-08-19,"Run",3411,4.19,13.55,0.68,4.43,418,120,7331,"FiveK",56.85,2020
"385",2020-08-18,"Run",1995,2.89,11.51,1.04,5.21,300,124,4703,"Short",33.25,2020
"386",2020-08-16,"Run",3129,5.26,9.91,0.8,6.06,541,121,8416,"FiveK",52.15,2020
"387",2020-08-15,"Run",1294,2.24,9.61,1.01,6.24,227,127,3477,"Short",21.57,2020
"388",2020-08-14,"Run",1239,2.17,9.49,0.95,6.32,228,143,3364,"Short",20.65,2020
"389",2020-08-13,"Run",2507,4.19,9.95,0.96,6.03,438,148,6733,"FiveK",41.78,2020
"390",2020-08-12,"Run",1523,2.63,9.66,1,6.21,270,139,4094,"Short",25.38,2020
"391",2020-08-11,"Run",1647,2.99,9.16,0.87,6.55,326,149,4476,"Short",27.45,2020
"392",2020-08-10,"Run",1779,3.1,9.57,1.14,6.27,322,149,4834,"FiveK",29.65,2020
"393",2020-08-07,"Run",1049,2,8.72,0.31,6.88,261,149,2797,"Short",17.48,2020
"394",2020-08-06,"Run",1927,3.34,9.62,1.23,6.24,445,149,5057,"FiveK",32.12,2020
"395",2020-08-05,"Run",2087,3.68,9.47,0.88,6.34,487,149,5265,"FiveK",34.78,2020
"396",2020-08-04,"Run",1998,3.52,9.44,0.87,6.35,467,149,5350,"FiveK",33.3,2020
"397",2020-08-03,"Run",2140,3.74,9.52,0.96,6.3,393,127,5766,"FiveK",35.67,2020
"398",2020-08-02,"Run",1302,2.24,9.7,1.12,6.19,236,127,3499,"Short",21.7,2020
"399",2020-08-01,"Run",1540,2.68,9.58,0.89,6.27,300,150,4155,"Short",25.67,2020
"400",2020-07-31,"Run",1135,2,9.46,1.14,6.34,211,153,3047,"Short",18.92,2020
"401",2020-07-30,"Run",2715,4,11.31,1.05,5.31,439,151,6478,"FiveK",45.25,2020
"402",2020-07-28,"Run",1826,3.11,9.76,0.93,6.15,328,147,4926,"FiveK",30.43,2020
"403",2020-07-27,"Run",1669,3.09,9,1.05,6.67,325,160,4501,"Short",27.82,2020
"404",2020-07-26,"Run",998,1.69,9.85,1.46,6.09,105,152,2635,"Short",16.63,2020
"405",2020-07-24,"Run",1638,2.85,9.57,0.92,6.27,312,156,4356,"Short",27.3,2020
"406",2020-07-23,"Run",2070,3.48,9.9,1.04,6.06,385,159,5564,"FiveK",34.5,2020
"407",2020-07-21,"Run",1122,2.02,9.27,0.44,6.47,213,151,3008,"Short",18.7,2020
"408",2020-07-20,"Run",1157,2.06,9.37,1.16,6.41,232,157,3131,"Short",19.28,2020
"409",2020-07-17,"Run",649,1.16,9.35,4.63,6.42,118,117,1728,"Short",10.82,2020
"410",2020-07-16,"Run",1819,3.34,9.07,5.81,6.61,348,128,4894,"FiveK",30.32,2020
"411",2020-07-13,"Run",2297,4,9.56,4.77,6.27,412,117,6253,"FiveK",38.28,2020
"412",2020-07-12,"Run",1807,3.22,9.34,0.94,6.42,326,130,4845,"FiveK",30.12,2020
"413",2020-07-10,"Run",2046,3.43,9.94,1,6.04,368,141,5506,"FiveK",34.1,2020
"414",2020-07-09,"Run",1563,2.62,9.93,0.99,6.04,261,138,4211,"Short",26.05,2020
"415",2020-07-08,"Run",1529,2.63,9.7,1.12,6.19,266,137,4178,"Short",25.48,2020
"416",2020-07-07,"Walk",872,0.98,14.83,2.16,4.05,104,94,1887,"Short",14.53,2020
"417",2020-07-07,"Run",1390,2.56,9.06,1.1,6.62,261,144,3798,"Short",23.17,2020
"418",2020-07-03,"Run",2096,3.51,9.96,0.63,6.02,378,150,5711,"FiveK",34.93,2020
"419",2020-06-30,"Run",1809,3.17,9.52,0.89,6.3,339,130,4963,"FiveK",30.15,2020
"420",2020-06-29,"Run",810,1.4,9.66,2.39,6.21,144,146,2199,"Short",13.5,2020
"421",2020-06-29,"Run",997,1.81,9.19,1.13,6.53,189,143,2704,"Short",16.62,2020
"422",2020-06-29,"Run",2331,4.01,9.68,1.41,6.2,409,135,6347,"FiveK",38.85,2020
"423",2020-06-28,"Run",2571,4.34,9.87,1.03,6.08,447,122,6954,"FiveK",42.85,2020
"424",2020-06-27,"Walk",397,0.3,22.33,2.6,2.69,33,119,652,"Short",6.62,2020
"425",2020-06-27,"Run",2863,5.06,9.43,0.87,6.36,535,149,7823,"FiveK",47.72,2020
"426",2020-06-26,"Walk",969,0.83,19.47,1.98,3.08,56,80,1752,"Short",16.15,2020
"427",2020-06-26,"Run",325,0.58,9.32,0.93,6.44,63,123,845,"Short",5.42,2020
"428",2020-06-26,"Walk",645,0.57,18.85,2.8,3.18,44,91,1168,"Short",10.75,2020
"429",2020-06-26,"Run",1762,3.1,9.47,5.04,6.34,321,130,4673,"FiveK",29.37,2020
"430",2020-06-26,"Run",312,0.56,9.24,2.75,6.49,60,116,763,"Short",5.2,2020
"431",2020-06-25,"Run",2633,4.63,9.48,0.44,6.33,496,145,7040,"FiveK",43.88,2020
"432",2020-06-24,"Run",2187,4.06,8.98,1.34,6.68,438,150,5907,"FiveK",36.45,2020
"433",2020-06-23,"Run",4546,7.82,9.69,1.25,6.19,822,130,12387,"TenK",75.77,2020
"434",2020-06-21,"Walk",1117,1.02,18.17,1.8,3.3,96,102,1920,"Short",18.62,2020
"435",2020-06-21,"Run",815,1.57,8.61,2.45,6.97,158,144,2205,"Short",13.58,2020
"436",2020-06-20,"Run",2964,5.02,9.84,6.92,6.1,517,129,7906,"FiveK",49.4,2020
"437",2020-06-19,"Run",2816,4.75,9.89,0.69,6.07,518,148,7597,"FiveK",46.93,2020
"438",2020-06-18,"Walk",1078,0.91,19.74,7.76,3.04,89,112,1587,"Short",17.97,2020
"439",2020-06-18,"Run",1309,2.2,9.92,6.76,6.05,238,155,3454,"Short",21.82,2020
"440",2020-06-16,"Run",1553,2.82,9.17,0.87,6.54,291,150,4146,"Short",25.88,2020
"441",2020-06-15,"Run",2285,4.02,9.48,1.24,6.33,426,148,6202,"FiveK",38.08,2020
"442",2020-06-14,"Walk",2717,3,15.09,2.03,3.97,311,87,3244,"Short",45.28,2020
"443",2020-06-14,"Run",4187,7.02,9.94,0.88,6.04,754,151,11262,"TenK",69.78,2020
"444",2020-06-11,"Run",4140,7.26,9.5,1.15,6.32,797,154,11214,"TenK",69,2020
"445",2020-06-08,"Run",2317,4.02,9.61,7.48,6.24,439,151,6298,"FiveK",38.62,2020
"446",2020-06-07,"Run",691,1.1,10.46,1.35,5.73,152,154,1863,"Short",11.52,2020
"447",2020-06-07,"Walk",290,0.24,20,16.59,3,23,115,514,"Short",4.83,2020
"448",2020-06-07,"Run",982,2,8.19,0.82,7.32,256,149,2685,"Short",16.37,2020
"449",2020-06-06,"Walk",1506,1.2,20.51,9.82,2.93,118,114,2428,"Short",25.1,2020
"450",2020-06-06,"Run",3167,5.33,9.9,1.22,6.06,584,153,8442,"FiveK",52.78,2020
"451",2020-06-05,"Walk",322,0.27,20.14,8.39,2.98,26,117,558,"Short",5.37,2020
"452",2020-06-05,"Run",1451,2.27,10.66,8.34,5.63,266,153,3893,"Short",24.18,2020
"453",2020-06-05,"Walk",567,0.5,18.95,13.63,3.17,54,115,955,"Short",9.45,2020
"454",2020-06-05,"Run",2491,4.41,9.4,0.95,6.38,468,153,6769,"FiveK",41.52,2020
"455",2020-06-04,"Run",653,1.01,10.74,1.18,5.59,109,150,1762,"Short",10.88,2020
"456",2020-06-04,"Walk",1291,1.19,18.05,2.39,3.32,124,122,2342,"Short",21.52,2020
"457",2020-06-04,"Run",2908,5.02,9.66,6.01,6.21,540,153,7851,"FiveK",48.47,2020
"458",2020-06-03,"Run",1585,3.1,8.51,1.87,7.05,328,160,4350,"FiveK",26.42,2020
"459",2020-06-02,"Walk",2623,2.82,15.5,2.6,3.87,298,122,5314,"Short",43.72,2020
"460",2020-06-02,"Run",646,1.03,10.45,0.8,5.74,142,149,1755,"Short",10.77,2020
"461",2020-06-02,"Run",1405,2.38,9.84,5.8,6.1,252,151,3849,"Short",23.42,2020
"462",2020-05-30,"Run",8767,13.43,10.87,0.13,5.52,1508,145,23604,"HalfMar",146.12,2020
"463",2020-05-28,"Run",1744,3.1,9.38,0,6.4,409,149,4647,"FiveK",29.07,2020
"464",2020-05-27,"Run",5055,8.34,10.1,0.84,5.94,897,152,14073,"TenK",84.25,2020
"465",2020-05-26,"Run",608,1.01,10.01,1.89,5.99,109,149,1776,"Short",10.13,2020
"466",2020-05-26,"Run",676,1.17,9.65,0.46,6.22,118,139,1953,"Short",11.27,2020
"467",2020-05-25,"Run",1079,1.68,10.67,1.23,5.62,187,154,2980,"Short",17.98,2020
"468",2020-05-25,"Walk",1585,1.12,23.6,1.03,2.54,108,111,2378,"Short",26.42,2020
"469",2020-05-25,"Run",3529,6,9.79,0.99,6.13,666,154,9659,"FiveK",58.82,2020
"470",2020-05-24,"Run",4916,6.58,12.46,0.98,4.82,676,133,10923,"TenK",81.93,2020
"471",2020-05-22,"Run",523,0.85,10.2,1.03,5.88,95,155,1437,"Short",8.72,2020
"472",2020-05-22,"Run",3394,6.17,9.17,4.89,6.54,662,159,9378,"FiveK",56.57,2020
"473",2020-05-21,"Run",1758,3.35,8.75,1.39,6.85,350,157,4948,"FiveK",29.3,2020
"474",2020-05-20,"Run",1698,3.1,9.13,0,6.57,405,149,4537,"FiveK",28.3,2020
"475",2020-05-19,"Run",1566,3.1,8.42,0,7.13,401,149,4221,"FiveK",26.1,2020
"476",2020-05-18,"Run",1027,2.02,8.47,2.83,7.08,215,161,2899,"Short",17.12,2020
"477",2020-05-16,"Run",4063,6.91,9.8,1.3,6.12,758,155,11290,"TenK",67.72,2020
"478",2020-05-15,"Run",3153,5.65,9.31,1.63,6.45,627,162,8721,"FiveK",52.55,2020
"479",2020-05-12,"Run",3998,7.02,9.49,0.14,6.32,757,153,10975,"TenK",66.63,2020
"480",2020-05-09,"Walk",1437,1.06,22.49,3.22,2.67,114,103,2320,"Short",23.95,2020
"481",2020-05-09,"Run",5645,10,9.4,1.06,6.38,1063,154,15387,"TenM",94.08,2020
"482",2020-05-06,"Run",2496,4.54,9.15,0.81,6.56,487,156,7000,"FiveK",41.6,2020
"483",2020-05-04,"Run",1882,3.52,8.9,0.82,6.74,370,152,5211,"FiveK",31.37,2020
"484",2020-05-03,"Walk",3072,1.56,29.22,1.54,2.05,170,103,3372,"Short",51.2,2020
"485",2020-05-03,"Run",1704,3.1,9.15,0.87,6.56,318,158,4801,"FiveK",28.4,2020
"486",2020-05-02,"Run",2309,4.27,9,0.43,6.66,459,160,6298,"FiveK",38.48,2020
"487",2020-05-01,"Run",3120,5.63,9.23,1.1,6.5,588,151,8617,"FiveK",52,2020
"488",2020-04-29,"Run",1823,3.2,9.5,1.16,6.32,341,133,5060,"FiveK",30.38,2020
"489",2020-04-27,"Run",3628,6.23,9.7,0.93,6.19,634,137,10080,"TenK",60.47,2020
"490",2020-04-26,"Walk",1358,0.89,25.43,5.43,2.36,72,76,1800,"Short",22.63,2020
"491",2020-04-26,"Run",2200,4.03,9.11,0.94,6.59,409,124,6017,"FiveK",36.67,2020
"492",2020-04-25,"Walk",825,0.72,19.1,14.44,3.14,75,116,1451,"Short",13.75,2020
"493",2020-04-25,"Run",2074,4.04,8.56,0.41,7.01,412,155,5774,"FiveK",34.57,2020
"494",2020-04-24,"Run",2543,4.82,8.78,1.87,6.83,512,159,6922,"FiveK",42.38,2020
"495",2020-04-22,"Run",2353,4.35,9.01,2.55,6.66,461,148,6417,"FiveK",39.22,2020
"496",2020-04-22,"Run",2333,4.2,9.25,4.84,6.49,446,150,6369,"FiveK",38.88,2020
"497",2020-04-21,"Run",2207,4.2,8.75,0.84,6.86,436,158,5944,"FiveK",36.78,2020
"498",2020-04-20,"Walk",606,0.42,24.24,12.64,2.48,34,91,830,"Short",10.1,2020
"499",2020-04-20,"Run",2241,4.01,9.3,0.97,6.45,409,142,5986,"FiveK",37.35,2020
"500",2020-04-19,"Walk",1119,1,18.58,1.85,3.23,100,107,2031,"Short",18.65,2020
"501",2020-04-19,"Run",4808,8.02,9.99,1,6,846,149,12937,"TenK",80.13,2020
"502",2020-04-18,"Run",881,1.57,9.33,4.22,6.43,167,163,2395,"Short",14.68,2020
"503",2020-04-18,"Walk",702,0.66,17.7,9.58,3.39,62,121,1312,"Short",11.7,2020
"504",2020-04-18,"Run",2585,4.53,9.5,5.24,6.32,506,158,7003,"FiveK",43.08,2020
"505",2020-04-16,"Run",2751,5.1,8.99,0,6.67,663,149,7362,"FiveK",45.85,2020
"506",2020-04-14,"Run",1504,3.11,8.06,0,7.44,396,149,4074,"FiveK",25.07,2020
"507",2020-04-11,"Walk",1285,1.04,20.47,0.76,2.93,87,109,1871,"Short",21.42,2020
"508",2020-04-11,"Run",7844,13.12,9.96,1.1,6.02,1377,150,21427,"HalfMar",130.73,2020
"509",2020-04-10,"Run",1631,3.1,8.77,0,6.84,403,149,4377,"FiveK",27.18,2020
"510",2020-04-07,"Run",2274,4.1,9.23,1.41,6.5,420,149,6286,"FiveK",37.9,2020
"511",2020-04-06,"Run",248,0.25,16.54,1.74,3.63,25,149,568,"Short",4.13,2020
"512",2020-04-06,"Run",1566,3.16,8.26,0.41,7.26,316,156,4297,"FiveK",26.1,2020
"513",2020-04-05,"Run",2227,4.14,8.97,1.88,6.69,428,155,6200,"FiveK",37.12,2020
"514",2020-04-04,"Walk",964,1.06,15.09,1.5,3.98,86,123,1903,"Short",16.07,2020
"515",2020-04-04,"Run",106,0.18,9.66,5.4,6.21,19,140,281,"Short",1.77,2020
"516",2020-04-04,"Walk",1103,1.01,18.25,3.34,3.29,98,119,2014,"Short",18.38,2020
"517",2020-04-04,"Run",4005,7.56,8.83,1.9,6.79,787,166,11054,"TenK",66.75,2020
"518",2020-04-02,"Run",1593,3.1,8.56,0,7.01,404,149,4286,"FiveK",26.55,2020
"519",2020-04-01,"Run",1639,3.1,8.82,0.81,6.81,403,149,4395,"FiveK",27.32,2020
"520",2020-03-31,"Run",634,1.1,9.56,0.83,6.28,147,149,1686,"Short",10.57,2020
"521",2020-03-31,"Run",1009,2.01,8.36,0.8,7.17,259,149,2722,"Short",16.82,2020
"522",2020-03-30,"Run",1615,3.1,8.68,0,6.91,403,149,4338,"FiveK",26.92,2020
"523",2020-03-28,"Walk",572,0.51,18.84,7.44,3.18,43,103,1041,"Short",9.53,2020
"524",2020-03-28,"Run",1516,3.13,8.08,3.82,7.43,312,161,4197,"FiveK",25.27,2020
"525",2020-03-26,"Run",594,1,9.9,0,6.06,135,149,1574,"Short",9.9,2020
"526",2020-03-26,"Run",537,1,8.95,0,6.7,130,149,1438,"Short",8.95,2020
"527",2020-03-26,"Run",1689,3.1,9.08,0,6.61,405,149,4515,"FiveK",28.15,2020
"528",2020-03-25,"Run",2179,4,9.08,0,6.61,522,149,5825,"FiveK",36.32,2020
"529",2020-03-24,"Run",2718,5,9.06,0,6.62,652,149,7268,"FiveK",45.3,2020
"530",2020-03-23,"Run",2400,4.7,8.51,0,7.05,610,149,6461,"FiveK",40,2020
"531",2020-03-20,"Run",2098,4.1,8.53,0.71,7.03,533,149,5733,"FiveK",34.97,2020
"532",2020-03-19,"Run",1508,3.1,8.11,0,7.4,396,149,4082,"FiveK",25.13,2020
"533",2020-03-18,"Run",1575,3.1,8.45,0.74,7.1,402,149,4243,"FiveK",26.25,2020
"534",2020-03-17,"Run",2183,4,9.1,0,6.6,522,149,5835,"FiveK",36.38,2020
"535",2020-03-16,"Run",1489,3.1,8.01,0,7.49,394,149,4037,"FiveK",24.82,2020
"536",2020-03-15,"Run",1800,3.2,9.38,0,6.4,423,149,4796,"FiveK",30,2020
"537",2020-03-14,"Run",1800,3.51,8.55,0,7.02,457,149,4844,"FiveK",30,2020
"538",2020-03-13,"Run",1800,3.54,8.47,0,7.08,459,149,4848,"FiveK",30,2020
"539",2020-03-11,"Run",1800,3.64,8.24,0,7.28,467,149,4864,"FiveK",30,2020
"540",2020-03-10,"Run",1800,3.63,8.26,0,7.26,467,149,4862,"FiveK",30,2020
"541",2020-03-09,"Run",1800,3.47,8.65,0,6.94,452,149,4838,"FiveK",30,2020
"542",2020-03-08,"Run",1466,3.1,7.88,0,7.61,390,149,3982,"FiveK",24.43,2020
"543",2020-03-07,"Run",4009,7.5,8.91,1.58,6.74,756,157,10882,"TenK",66.82,2020
"544",2020-03-06,"Run",1800,3.75,8,0,7.5,477,149,4881,"FiveK",30,2020
"545",2020-03-05,"Run",1800,3.65,8.22,0,7.3,468,149,4865,"FiveK",30,2020
"546",2020-03-04,"Run",1800,3.63,8.26,0,7.26,467,149,4862,"FiveK",30,2020
"547",2020-03-03,"Run",1551,3.1,8.34,0,7.2,400,149,4185,"FiveK",25.85,2020
"548",2020-03-02,"Run",1731,3.31,8.72,0,6.88,431,149,4648,"FiveK",28.85,2020
"549",2020-03-01,"Run",1518,3.1,8.16,0,7.35,397,149,4149,"FiveK",25.3,2020
"550",2020-02-29,"Run",1800,3.65,8.22,0,7.3,468,149,4865,"FiveK",30,2020
"551",2020-02-26,"Run",674,1.4,8.02,0,7.48,178,149,1587,"Short",11.23,2020
"552",2020-02-26,"Run",1637,3.1,8.8,0,6.82,403,149,4391,"FiveK",27.28,2020
"553",2020-02-24,"Run",1648,3.1,8.86,0,6.77,403,149,4417,"FiveK",27.47,2020
"554",2020-02-23,"Run",1475,3.1,7.93,1.54,7.56,292,164,4063,"FiveK",24.58,2020
"555",2020-02-22,"Run",1544,3.1,8.3,0,7.23,399,149,4169,"FiveK",25.73,2020
"556",2020-02-21,"Run",1800,3.56,8.43,0,7.12,461,149,4851,"FiveK",30,2020
"557",2020-02-20,"Run",3720,7.32,8.47,0,7.08,949,149,10021,"TenK",62,2020
"558",2020-02-18,"Run",1800,3.46,8.67,0,6.92,450,149,4836,"FiveK",30,2020
"559",2020-02-17,"Run",1645,3.1,8.84,0,6.78,403,149,4410,"FiveK",27.42,2020
"560",2020-02-16,"Run",1613,3.1,8.67,0,6.92,403,149,4350,"FiveK",26.88,2020
"561",2020-02-15,"Run",2014,3.89,8.63,0,6.95,506,149,5414,"FiveK",33.57,2020
"562",2020-02-12,"Run",1791,3.36,8.88,0,6.75,437,149,4799,"FiveK",29.85,2020
"563",2020-02-11,"Run",1800,3.15,9.52,0,6.3,419,149,4789,"FiveK",30,2020
"564",2020-02-09,"Run",1800,3.19,9.4,0,6.38,422,149,4795,"FiveK",30,2020
"565",2020-02-05,"Run",1800,3.22,9.32,0,6.44,424,149,4799,"FiveK",30,2020
"566",2020-02-04,"Run",2065,3.52,9.78,0,6.14,472,149,5479,"FiveK",34.42,2020
"568",2020-02-02,"Run",1675,3.13,8.92,0,6.73,407,149,4486,"FiveK",27.92,2020
"569",2020-01-29,"Run",2133,3.61,9.85,0,6.09,486,149,5656,"FiveK",35.55,2020
"570",2020-01-28,"Run",2609,4.86,8.95,0,6.71,631,149,6986,"FiveK",43.48,2020
"571",2020-01-27,"Run",2100,3.38,10.36,0,5.79,464,149,5541,"FiveK",35,2020
"572",2020-01-26,"Run",2100,3.36,10.42,0,5.76,462,149,5538,"FiveK",35,2020
"573",2020-01-25,"Run",2100,3.33,10.51,0,5.71,460,149,5534,"FiveK",35,2020
"574",2020-01-24,"Run",2100,3.49,10.03,0,5.98,473,149,5558,"FiveK",35,2020
"575",2020-01-20,"Run",2704,4.21,10.7,0,5.61,585,149,7113,"FiveK",45.07,2020
"576",2020-01-18,"Run",2100,3.22,10.87,0,5.52,451,149,5517,"FiveK",35,2020
"577",2020-01-17,"Run",2143,3.4,10.5,0,5.71,469,149,5647,"FiveK",35.72,2020
"578",2020-01-16,"Run",1754,2.89,10.12,0,5.93,393,149,4639,"Short",29.23,2020
"579",2020-01-16,"Walk",2100,2.95,11.86,0,5.06,401,149,5004,"Short",35,2020
"580",2020-01-11,"Walk",1869,2.02,15.42,0,3.89,204,149,3883,"Short",31.15,2020
"581",2020-01-11,"Run",2077,3.26,10.62,0,5.65,452,149,5468,"FiveK",34.62,2020
"582",2020-01-10,"Run",2173,3.27,11.08,0,5.42,461,149,5699,"FiveK",36.22,2020
"583",2020-01-08,"Run",2100,3.4,10.29,0,5.83,465,149,5544,"FiveK",35,2020
"584",2020-01-08,"Run",2100,3.39,10.32,0,5.81,465,149,5531,"FiveK",35,2020
"585",2020-01-06,"Run",2100,2.92,11.99,0,5.01,402,149,5471,"Short",35,2020
"586",2020-01-05,"Run",2100,3.57,9.8,0,6.12,480,149,5570,"FiveK",35,2020
"587",2020-01-04,"Run",2112,3.52,10,0,6,476,149,5592,"FiveK",35.2,2020
"588",2020-01-01,"Run",1670,3.1,8.97,5.29,6.69,403,149,4573,"FiveK",27.83,2020
"589",2019-12-30,"Run",2003,3.63,9.21,1,6.52,476,148,5478,"FiveK",33.38,2019
"590",2019-12-28,"Run",1249,1.5,13.85,1.41,4.33,182,123,2376,"Short",20.82,2019
"591",2019-12-28,"Run",840,1.58,8.89,0.96,6.75,205,149,2258,"Short",14,2019
"592",2019-12-27,"Run",1796,3.1,9.66,0.34,6.21,414,146,4806,"FiveK",29.93,2019
"593",2019-12-25,"Run",1623,3.1,8.73,0.41,6.87,403,149,4393,"FiveK",27.05,2019
"594",2019-12-20,"Run",2102,3.1,11.3,0,5.31,441,149,5503,"FiveK",35.03,2019
"595",2019-11-29,"Run",1628,3.1,8.75,1.11,6.86,403,161,4482,"FiveK",27.13,2019
"596",2019-11-28,"Run",1810,3,10.05,0.64,5.97,407,149,4823,"Short",30.17,2019
"597",2019-11-18,"Run",1089,2.06,8.8,1.39,6.82,268,149,2944,"Short",18.15,2019
"598",2019-11-12,"Run",2006,3.17,10.55,18.36,5.69,438,169,8,"FiveK",33.43,2019
"599",2019-11-10,"Walk",1399,1.94,12.02,0,4.99,267,149,3310,"Short",23.32,2019
"600",2019-11-09,"Gym Workout",120,0,0,0,0,22,149,4696,NA,2,2019
"601",2019-11-09,"Run",2026,2.5,13.51,0,4.44,316,149,5229,"Short",33.77,2019
"602",2019-11-03,"Run",1873,3,10.41,0,5.77,412,149,4940,"Short",31.22,2019
"603",2019-11-02,"Run",2100,3.09,11.33,0,5.3,440,149,5497,"Short",35,2019
"604",2019-10-27,"Walk",2578,0.95,45.12,3.74,1.33,134,149,1575,"Short",42.97,2019
"605",2019-10-27,"Run",998,2.01,8.29,1.03,7.24,258,149,2704,"Short",16.63,2019
"606",2019-10-26,"Run",2040,2.67,12.71,0.86,4.72,355,144,4126,"Short",34,2019
"607",2019-10-22,"Run",1066,2.01,8.82,0.87,6.8,262,158,2847,"Short",17.77,2019
"608",2019-10-19,"Run",2330,2.46,15.75,0.37,3.81,254,119,3406,"Short",38.83,2019
"609",2019-10-14,"Run",858,1.71,8.34,0.84,7.2,221,153,2369,"Short",14.3,2019
"610",2019-10-06,"Walk",4696,1.44,54.31,1.49,1.1,225,149,6328,"Short",78.27,2019
"611",2019-10-06,"Run",761,1.59,7.97,0.92,7.53,202,149,2064,"Short",12.68,2019
"612",2019-10-05,"Run",2832,3.26,14.48,0,4.14,364,149,7274,"FiveK",47.2,2019
"613",2019-09-29,"Run",1321,2.19,10.06,0.66,5.96,297,149,3188,"Short",22.02,2019
"614",2019-09-22,"Run",1768,2.08,14.13,1.16,4.25,243,117,3555,"Short",29.47,2019
"615",2019-09-15,"Walk",979,1.02,15.95,1.92,3.76,105,149,1908,"Short",16.32,2019
"616",2019-09-15,"Run",476,0.91,8.73,0.76,6.87,118,149,1281,"Short",7.93,2019
"617",2019-09-14,"Walk",1697,1.66,16.92,1.33,3.55,169,149,3008,"Short",28.28,2019
"618",2019-12-20,"Run",2099,2.6,13.32,0.43,4.51,332,149,4530,"Short",34.98,2019
"619",2019-09-20,"Run",1184,1.84,10.73,0.79,5.59,177,122,2809,"Short",19.73,2019
"620",2019-07-20,"Run",1700,3.01,9.41,1.56,6.38,398,149,3209,"Short",28.33,2019
"621",2019-04-20,"Run",1488,2.51,9.83,3.15,6.11,235,141,3772,"Short",24.8,2019
"622",2019-08-31,"Run",3708,4.28,14.4,0.74,4.17,520,130,7187,"FiveK",61.8,2019
"623",2019-08-30,"Walk",1258,1.17,17.8,2,3.37,118,128,2386,"Short",20.97,2019
"624",2019-08-30,"Run",739,1.51,8.17,0.03,7.34,193,164,2081,"Short",12.32,2019
"625",2019-08-25,"Run",2596,3.23,13.37,0.83,4.49,415,97,5272,"FiveK",43.27,2019
"626",2019-08-24,"Run",2236,4,9.31,0.92,6.45,527,149,6278,"FiveK",37.27,2019
"627",2019-08-24,"Walk",1904,1.24,25.17,1.35,2.38,129,149,3188,"Short",31.73,2019
"628",2019-08-22,"Walk",2247,1.7,21.61,1.32,2.78,167,149,3985,"Short",37.45,2019
"629",2019-08-22,"Run",1639,3.1,8.82,0.66,6.8,402,149,4395,"FiveK",27.32,2019
"630",2019-08-21,"Walk",475,0.4,19.73,1.42,3.04,39,149,880,"Short",7.92,2019
"631",2019-08-21,"Run",682,1.12,10.11,1.04,5.93,153,149,1803,"Short",11.37,2019
"632",2019-08-21,"Walk",373,0.35,17.76,1.87,3.38,35,149,725,"Short",6.22,2019
"633",2019-08-21,"Run",859,1.68,8.55,0.83,7.02,218,149,2312,"Short",14.32,2019
"634",2019-08-21,"Run",2649,3.68,12,0,5,506,149,6900,"FiveK",44.15,2019
"635",2019-08-18,"Run",523,1,8.67,6.07,6.92,131,149,1436,"Short",8.72,2019
"636",2019-08-18,"Run",503,1,8.34,1.54,7.19,130,149,1375,"Short",8.38,2019
"637",2019-08-15,"Walk",3201,0.96,55.43,6.5,1.08,152,149,1861,"Short",53.35,2019
"638",2019-08-15,"Run",1351,2.63,8.57,2.45,7,342,151,3605,"Short",22.52,2019
"639",2019-08-14,"Walk",1262,1.12,18.74,2.06,3.2,111,149,2392,"Short",21.03,2019
"640",2019-08-14,"Run",1698,3.1,9.13,0.86,6.57,405,149,4537,"FiveK",28.3,2019
"641",2019-08-13,"Walk",1066,0.55,32.1,2.85,1.87,66,149,1650,"Short",17.77,2019
"642",2019-08-13,"Run",1636,3.1,8.8,0.89,6.82,403,149,4389,"FiveK",27.27,2019
"643",2019-08-11,"Walk",3370,1.86,30.12,0.21,1.99,217,149,5323,"Short",56.17,2019
"644",2019-08-11,"Run",1631,3.1,8.77,0.83,6.84,403,149,4376,"FiveK",27.18,2019
"645",2019-08-10,"Walk",1301,0.98,21.92,1.93,2.74,96,149,2304,"Short",21.68,2019
"646",2019-08-10,"Run",206,0.39,8.75,6.76,6.85,51,149,553,"Short",3.43,2019
"647",2019-08-10,"Walk",2389,0.75,53.23,0.87,1.13,116,149,3233,"Short",39.82,2019
"648",2019-08-10,"Run",507,1,8.45,0.93,7.1,130,149,1366,"Short",8.45,2019
"649",2019-08-08,"Walk",241,0.26,15.36,10.43,3.91,19,117,438,"Short",4.02,2019
"650",2019-08-08,"Run",1077,2.27,7.89,0.8,7.61,197,157,2958,"Short",17.95,2019
"651",2019-08-07,"Walk",1537,0.83,30.82,5.22,1.95,97,149,2406,"Short",25.62,2019
"652",2019-08-07,"Run",113,0.2,9.42,0.92,6.37,26,149,301,"Short",1.88,2019
"653",2019-08-04,"Walk",3449,2.58,22.31,0.29,2.69,253,149,6079,"Short",57.48,2019
"654",2019-08-03,"Walk",1602,2.03,13.13,1.54,4.57,265,149,3612,"Short",26.7,2019
"655",2019-08-03,"Walk",1567,0.21,123.48,2.5,0.49,72,149,1856,"Short",26.12,2019
"656",2019-08-03,"Run",1738,3.1,9.34,0.83,6.42,409,149,4632,"FiveK",28.97,2019
"657",2019-08-01,"Walk",1572,1.45,18.04,1.79,3.33,145,149,3027,"Short",26.2,2019
"658",2019-08-01,"Run",1005,1.83,9.15,0.92,6.56,240,149,2685,"Short",16.75,2019
"659",2019-07-30,"Run",1054,2.04,8.6,0.9,6.98,266,149,2834,"Short",17.57,2019
"660",2019-07-29,"Walk",1281,1.15,18.45,9.9,3.25,114,149,2342,"Short",21.35,2019
"661",2019-07-29,"Run",537,1.01,8.84,4.44,6.79,131,149,1459,"Short",8.95,2019
"662",2019-07-28,"Walk",2285,1.89,20.09,1.58,2.99,183,149,4204,"Short",38.08,2019
"663",2019-07-28,"Run",724,1.4,8.59,0.78,6.98,183,149,1947,"Short",12.07,2019
"664",2019-07-27,"Walk",5004,4.2,19.87,1.04,3.02,407,149,9253,"FiveK",83.4,2019
"665",2019-07-25,"Run",1720,3.1,9.26,5.25,6.48,407,149,4711,"FiveK",28.67,2019
"666",2019-07-23,"Run",1859,3.1,10,5.24,6,419,149,5096,"FiveK",30.98,2019
"667",2019-07-21,"Walk",1190,1,19.79,8.49,3.03,97,149,2119,"Short",19.83,2019
"668",2019-07-21,"Run",1557,2.63,9.87,6.55,6.08,354,149,4214,"Short",25.95,2019
"669",2019-07-21,"Run",289,0.49,9.87,6,6.08,66,149,753,"Short",4.82,2019
"670",2019-07-21,"Weight Workout",1560,0,0,0,0,215,149,4696,NA,26,2019
"671",2019-07-21,"Walk",986,1.08,15.26,3.37,3.93,111,149,1873,"Short",16.43,2019
"672",2019-07-20,"Walk",2644,2.04,21.63,5.19,2.77,199,149,4144,"Short",44.07,2019
"673",2019-07-20,"Run",572,1,9.48,3.12,6.33,133,149,1564,"Short",9.53,2019
"674",2019-07-20,"Walk",453,0.37,20.6,10.57,2.91,36,149,720,"Short",7.55,2019
"675",2019-07-20,"Run",512,1,8.49,4.82,7.07,130,149,1379,"Short",8.53,2019
"676",2019-07-20,"Walk",95,0.09,17.4,10.38,3.45,9,149,166,"Short",1.58,2019
"677",2019-07-18,"Walk",774,0.71,18.06,9.84,3.32,71,149,1431,"Short",12.9,2019
"678",2019-07-18,"Run",1288,2.21,9.73,2.61,6.16,295,149,3487,"Short",21.47,2019
"679",2019-07-17,"Walk",420,0.36,19.04,12.7,3.15,35,149,780,"Short",7,2019
"680",2019-07-17,"Run",1863,3.21,9.67,3.93,6.2,429,149,5090,"FiveK",31.05,2019
"681",2019-07-16,"Walk",388,0.35,18.56,11.42,3.23,35,120,698,"Short",6.47,2019
"682",2019-07-16,"Run",586,1.01,9.64,6.37,6.22,135,149,1573,"Short",9.77,2019
"683",2019-07-16,"Run",583,1.03,9.47,6.64,6.34,136,149,1564,"Short",9.72,2019
"684",2019-07-14,"Walk",1007,0.87,19.27,11.11,3.11,85,149,1748,"Short",16.78,2019
"685",2019-07-14,"Walk",1117,0.91,20.45,4.78,2.93,88,149,1770,"Short",18.62,2019
"686",2019-07-14,"Run",1020,1.68,10.13,2.94,5.93,228,149,2544,"Short",17,2019
"687",2019-07-13,"Walk",1217,1.13,17.87,7.17,3.36,101,129,2168,"Short",20.28,2019
"688",2019-07-13,"Run",1357,2.43,9.29,1.12,6.46,207,156,3709,"Short",22.62,2019
"689",2019-07-12,"Run",743,1.5,8.22,3.78,7.3,193,149,2010,"Short",12.38,2019
"690",2019-07-12,"Weight Workout",420,0,0,0,0,58,149,4696,NA,7,2019
"691",2019-07-12,"Walk",1831,1.67,18.09,8.05,3.32,166,149,3231,"Short",30.52,2019
"692",2019-07-11,"Walk",1843,1.25,24.5,7.26,2.45,126,149,2382,"Short",30.72,2019
"693",2019-07-11,"Run",1765,3.1,9.49,1.76,6.32,411,149,4769,"FiveK",29.42,2019
"694",2019-07-10,"Run",1055,2.25,7.82,4.51,7.67,198,164,2934,"Short",17.58,2019
"695",2019-07-10,"Run",1065,2.24,7.92,0,7.57,283,149,2891,"Short",17.75,2019
"696",2019-07-10,"Walk",1241,1.14,18.16,2.28,3.3,111,108,2249,"Short",20.68,2019
"697",2019-07-10,"Walk",268,0.3,14.93,3.1,4.02,20,95,488,"Short",4.47,2019
"698",2019-07-09,"Weight Workout",420,0,0,0,0,58,149,4696,NA,7,2019
"699",2019-07-09,"Walk",970,1.19,13.59,0,4.42,149,149,2149,"Short",16.17,2019
"700",2019-07-09,"Run",1153,2.01,9.56,0,6.28,267,149,3066,"Short",19.22,2019
"701",2019-07-08,"Walk",333,0.29,19.05,3.76,3.15,28,149,567,"Short",5.55,2019
"702",2019-07-08,"Walk",575,1.01,9.46,0.43,6.34,134,149,827,"Short",9.58,2019
"703",2019-07-07,"Gym Workout",1521,0,0,4.74,0,124,113,4696,NA,25.35,2019
"704",2019-07-07,"Walk",1011,1.01,16.64,0.98,3.61,101,114,1834,"Short",16.85,2019
"705",2019-07-07,"Walk",1336,1.23,18.16,0.77,3.3,123,149,2401,"Short",22.27,2019
"706",2019-07-07,"Weight Workout",1560,0,0,0,0,215,149,4696,NA,26,2019
"707",2019-07-07,"Walk",926,1.04,14.84,0,4.04,110,149,1961,"Short",15.43,2019
"708",2019-07-07,"Run",549,1.04,8.81,0.9,6.81,101,148,1487,"Short",9.15,2019
"709",2019-07-06,"Walk",2142,2.79,12.8,0.4,4.69,205,116,3723,"Short",35.7,2019
"710",2019-07-06,"Run",830,1.52,9.09,0.87,6.6,164,160,2212,"Short",13.83,2019
"711",2019-07-05,"Walk",1644,1.64,16.67,4.22,3.6,153,128,3063,"Short",27.4,2019
"712",2019-07-05,"Run",843,1.52,9.24,0.85,6.49,156,160,2313,"Short",14.05,2019
"713",2019-07-04,"Walk",1942,1.61,20.08,9.18,2.99,161,120,3103,"Short",32.37,2019
"714",2019-07-04,"Weight Workout",420,0,0,0,0,58,149,4696,NA,7,2019
"715",2019-07-04,"Run",816,1.53,8.88,0.99,6.76,156,159,2215,"Short",13.6,2019
"716",2019-07-02,"Weight Workout",420,0,0,0,0,58,149,4696,NA,7,2019
"717",2019-07-02,"Walk",1121,1,18.52,8.59,3.24,88,118,2007,"Short",18.68,2019
"718",2019-07-02,"Run",552,1.02,9.02,0.34,6.65,95,148,1439,"Short",9.2,2019
"719",2019-07-01,"Walk",1762,1.8,16.31,0,3.68,184,149,3562,"Short",29.37,2019
"720",2019-06-29,"Walk",1966,1.47,22.17,7.36,2.71,138,123,2363,"Short",32.77,2019
"721",2019-06-29,"Weight Workout",420,0,0,0,0,58,149,4696,NA,7,2019
"722",2019-06-29,"Weight Workout",420,0,0,0,0,58,149,4696,NA,7,2019
"723",2019-06-29,"Run",693,1.27,9.13,3.32,6.57,118,150,1824,"Short",11.55,2019
"724",2019-06-28,"Walk",3226,3.41,15.77,0,3.81,351,149,6630,"FiveK",53.77,2019
"725",2019-06-25,"Walk",3278,3.36,16.26,0,3.69,345,149,6638,"FiveK",54.63,2019
"726",2019-06-24,"Walk",2996,3.1,16.11,0,3.72,318,149,6,"FiveK",49.93,2019
"727",2019-06-17,"Weight Workout",420,0,0,0,0,58,149,4696,NA,7,2019
"728",2019-06-17,"Walk",2330,2.43,15.98,0,3.75,250,149,4725,"Short",38.83,2019
"729",2019-06-16,"Weight Workout",1560,0,0,0,0,215,149,4696,NA,26,2019
"730",2019-06-16,"Run",2307,2.33,16.5,0,3.64,238,149,5811,"Short",38.45,2019
"731",2019-06-14,"Weight Workout",1560,0,0,0,0,215,149,4696,NA,26,2019
"732",2019-06-14,"Walk",3080,3.15,16.3,0,3.68,323,149,6202,"FiveK",51.33,2019
"733",2019-06-12,"Run",1962,2.09,15.65,3.21,3.83,215,111,3819,"Short",32.7,2019
"734",2019-06-11,"Walk",1045,1.04,16.75,13.55,3.58,106,149,1831,"Short",17.42,2019
"735",2019-06-11,"Weight Workout",1526,0,0,57.79,0,211,149,4696,NA,25.43,2019
"736",2019-06-10,"Walk",2458,2.78,14.74,5.71,4.07,299,149,4676,"Short",40.97,2019
"737",2019-06-09,"Walk",2986,2.88,17.28,0,3.47,293,73,5876,"Short",49.77,2019
"738",2019-06-08,"Run",1307,1.57,13.84,1.25,4.33,190,116,2729,"Short",21.78,2019
"739",2019-06-07,"Weight Workout",692,0,0,0,0,96,149,4696,NA,11.53,2019
"740",2019-06-06,"Walk",3064,3.13,16.32,14.81,3.68,321,149,55,"FiveK",51.07,2019
"741",2019-06-05,"Weight Workout",600,0,0,0,0,83,149,4696,NA,10,2019
"742",2019-06-05,"Walk",1921,2.22,14.43,13.25,4.16,249,110,3887,"Short",32.02,2019
"743",2019-06-03,"Walk",2764,2.99,15.41,0,3.89,309,149,5745,"Short",46.07,2019
"744",2019-06-02,"Walk",3180,3.1,17.1,0,3.51,316,149,6289,"FiveK",53,2019
"745",2019-06-02,"Weight Workout",600,0,0,0,0,79,149,4696,NA,10,2019
"746",2019-06-02,"Weight Workout",600,0,0,0,0,79,149,4696,NA,10,2019
"747",2019-05-30,"Walk",2866,3.1,15.41,182.4,3.89,307,149,6104,"FiveK",47.77,2019
"748",2019-05-28,"Walk",1886,2.22,14.16,1.4,4.24,248,102,3708,"Short",31.43,2019
"749",2019-05-27,"Walk",3541,2.22,26.36,4.21,2.28,322,93,6149,"Short",59.02,2019
"750",2019-05-23,"Walk",1946,2.62,12.36,4.68,4.85,266,136,4074,"Short",32.43,2019
"751",2019-05-19,"Run",2197,3.11,11.69,2.06,5.13,419,139,5295,"FiveK",36.62,2019
"752",2019-05-15,"Indoor Run / Jog",2344,3.13,12.48,0,4.81,403,149,6926,"FiveK",39.07,2019
"753",2019-05-13,"Run",1214,1.96,10.32,2.67,5.82,258,149,3209,"Short",20.23,2019
"754",2019-05-13,"Indoor Run / Jog",927,1.42,10.88,17.09,5.51,191,158,67,"Short",15.45,2019
"755",2016-10-19,"Class Workout",3600,0,0,0,0,186,149,4696,NA,60,2016
"756",2016-10-12,"Class Workout",3600,0,0,0,0,183,149,4696,NA,60,2016
"757",2016-09-26,"Class Workout",3600,0,0,0,0,186,149,4696,NA,60,2016
"758",2016-08-12,"Class Workout",3600,0,0,0,0,189,149,4696,NA,60,2016
