Date Submitted,Workout Date,Activity Type,Calories Burned (kCal),Distance (mi),Workout Time (seconds),Avg Pace (min/mi),Avg Speed (mi/h),Avg Heart Rate,Steps,target,minutes,Times,Distances
2022-12-24,2022-12-24,Run,411,3.1,1763,9.47849,6.33012,142,4692,276,29.383333333333333,20-30,3.09-6.19
2022-12-24,2022-12-23,Run,410,3.09999,1750,9.4086,6.37714,142,4661,275,29.166666666666668,20-30,3.09-6.19
2022-12-20,2022-12-20,Run,420,3.1,1870,10.0538,5.96791,142,4948,276,31.166666666666668,30-50,3.09-6.19
2022-12-20,2022-12-20,Run,411,3.1,1760,9.46237,6.34091,142,4685,276,29.333333333333332,20-30,3.09-6.19
2022-12-19,2022-12-18,Run,410,3.1,1754,9.43011,6.3626,142,4671,276,29.233333333333334,20-30,3.09-6.19
2022-12-19,2022-12-17,Run,410,3.1,1748,9.39785,6.38444,142,4656,276,29.133333333333333,20-30,3.09-6.19
2022-12-14,2022-12-14,Run,272,2.02,1201,9.90924,6.05495,150,1685,161,20.016666666666666,20-30,0-3.09
2022-12-12,2022-12-12,Run,418,3.1,1836,9.87097,6.07843,160,4716,276,30.6,30-50,3.09-6.19
2022-12-11,2022-12-11,Run,418,3.1,1845,9.91935,6.04878,142,2325,276,30.75,30-50,3.09-6.19
2022-12-04,2022-12-04,Run,440,3.1,2093,11.2527,5.33206,134,3227,276,34.88333333333333,30-50,3.09-6.19
2022-12-03,2022-12-03,Run,762,6.21098,3854,10.3386,5.8035,153,10072,515,64.23333333333333,50-100,6.19-9.99
2022-11-27,2022-11-27,Run,769,6.26321,3884,10.334,5.80608,147,10292,522,64.73333333333333,50-100,6.19-9.99
2022-11-26,2022-11-26,Run,415,3.1,1804,9.69893,6.18625,150,4660,276,30.066666666666666,30-50,3.09-6.19
2022-11-24,2022-11-24,Run,403,3.1,1658,8.91398,6.731,145,4439,276,27.633333333333333,20-30,3.09-6.19
2022-11-23,2022-11-23,Run,414,3.1,1801,9.6828,6.19656,160,2052,276,30.016666666666666,30-50,3.09-6.19
2022-11-22,2022-11-22,Run,415,3.1,1803,9.69355,6.18968,163,15,276,30.05,30-50,3.09-6.19
2022-11-19,2022-11-19,Run,428,3.1,1956,10.5161,5.70552,157,4102,276,32.6,30-50,3.09-6.19
2022-11-14,2022-11-14,Run,420,3.1,1870,10.0538,5.96791,142,4948,276,31.166666666666668,30-50,3.09-6.19
2022-11-10,2022-11-10,Run,429,3.1,1970,10.5914,5.66497,142,5187,276,32.833333333333336,30-50,3.09-6.19
2022-11-09,2022-11-09,Run,420,3.1,1865,10.0269,5.98391,142,4936,276,31.083333333333332,30-50,3.09-6.19
2022-11-05,2022-11-05,Run,1756,13.1,7665,9.75191,6.15264,145,20519,564,127.75,100-150,13.1-26.2
2022-11-02,2022-11-02,Run,648,4.87,2794,9.56194,6.27487,156,4377,471,46.56666666666667,30-50,3.09-6.19
2022-10-29,2022-10-29,Run,436,3.1,2052,11.0323,5.4386,145,3445,276,34.2,30-50,3.09-6.19
2022-10-23,2022-10-23,Run,375,3.11418,1695,9.06884,6.61606,161,4465,330,28.25,20-30,3.09-6.19
2022-10-22,2022-10-22,Run,404,3.1,1605,8.62903,6.95327,163,4314,276,26.75,20-30,3.09-6.19
2022-10-16,2022-10-16,Run,815,6.25655,3977,10.5935,5.66386,151,10532,520,66.28333333333333,50-100,6.19-9.99
2022-10-15,2022-10-15,Indoor Run / Jog,403,3.1,1635,8.79032,6.82569,153,4237,276,27.25,20-30,3.09-6.19
2022-10-12,2022-10-12,Run,354,2.88965,1744,10.0555,5.96687,159,4608,238,29.066666666666666,20-30,0-3.09
2022-10-10,2022-10-10,Run,1867,13.1,8937,11.3702,5.27694,146,22295,564,148.95,100-150,13.1-26.2
2022-10-03,2022-10-02,Run,1257,10.4861,6544,10.3996,5.76946,143,17144,561,109.06666666666666,100-150,9.99-13.1
2022-10-01,2022-10-01,Run,872,6.50112,4195,10.7493,5.58176,152,11068,529,69.91666666666667,50-100,6.19-9.99
2022-09-25,2022-09-25,Run,1261,9.01954,5803,10.7204,5.59678,159,15198,555,96.71666666666667,50-100,6.19-9.99
2022-09-24,2022-09-24,Run,618,4.65019,2799,10.0291,5.98258,162,7380,463,46.65,30-50,3.09-6.19
2022-09-23,2022-09-23,Run,412,3.1,1775,9.54301,6.28732,142,4721,276,29.583333333333332,20-30,3.09-6.19
2022-09-18,2022-09-18,Indoor Run / Jog,413,3.1,1779,9.56452,6.27319,138,4212,276,29.65,20-30,3.09-6.19
2022-09-17,2022-09-17,Run,415,3.10691,1892,10.1447,5.9144,159,4970,315,31.533333333333335,30-50,3.09-6.19
2022-09-11,2022-09-11,Run,459,3.65871,2273,10.3497,5.79725,146,6002,402,37.88333333333333,30-50,3.09-6.19
2022-09-07,2022-09-07,Run,655,4.9,2844,9.67347,6.20253,142,7554,472,47.4,30-50,3.09-6.19
2022-09-05,2022-09-05,Run,629,5.01163,3964,13.1791,4.55266,125,8485,478,66.06666666666666,50-100,3.09-6.19
2022-09-04,2022-09-04,Run,491,3.74725,2584,11.4889,5.22242,143,6236,407,43.06666666666667,30-50,3.09-6.19
2022-09-03,2022-09-03,Run,601,4.50081,2941,10.8877,5.51079,151,7436,456,49.016666666666666,30-50,3.09-6.19
2022-09-02,2022-09-02,Indoor Run / Jog,800,5.85,3600,10.2564,5.85,133,9604,491,60.0,50-100,3.09-6.19
2022-08-31,2022-08-31,Run,670,5.01,2913,9.69062,6.19156,142,4716,477,48.55,30-50,3.09-6.19
2022-08-30,2022-08-30,Indoor Run / Jog,408,3.1,1723,9.26344,6.47708,147,4396,276,28.716666666666665,20-30,3.09-6.19
2022-08-29,2022-08-29,Indoor Run / Jog,412,3.1,1777,9.55376,6.28025,134,4270,276,29.616666666666667,20-30,3.09-6.19
2022-08-28,2022-08-28,Run,628,5.20363,4333,13.8781,4.32335,107,9242,485,72.21666666666667,50-100,3.09-6.19
2022-08-27,2022-08-27,Run,610,4.73411,3953,13.9142,4.31215,119,8206,465,65.88333333333334,50-100,3.09-6.19
2022-08-26,2022-08-26,Indoor Run / Jog,414,3.1,1801,9.6828,6.19656,142,4616,276,30.016666666666666,30-50,3.09-6.19
2022-08-22,2022-08-22,Indoor Run / Jog,414,3.09999,1801,9.6828,6.19656,144,4599,275,30.016666666666666,30-50,3.09-6.19
2022-08-20,2022-08-20,Run,1544,13.11,11065,14.0669,4.26534,140,22531,565,184.41666666666666,,13.1-26.2
2022-08-17,2022-08-17,Indoor Run / Jog,859,6.56,3600,9.14634,6.56,147,9295,530,60.0,50-100,6.19-9.99
2022-08-15,2022-08-15,Indoor Run / Jog,632,4.74,3600,12.6582,4.74,122,8146,466,60.0,50-100,3.09-6.19
2022-08-14,2022-08-14,Run,618,6.38464,4663,12.1735,4.92875,128,11001,526,77.71666666666667,50-100,6.19-9.99
2022-08-12,2022-08-12,Indoor Run / Jog,831,6.21,3617,9.70746,6.18081,144,9306,514,60.28333333333333,50-100,6.19-9.99
2022-08-11,2022-08-11,Run,576,4.62746,3712,13.3661,4.48896,116,7878,462,61.86666666666667,50-100,3.09-6.19
2022-08-10,2022-08-10,Run,863,7.02161,4441,10.5393,5.693,144,11520,540,74.01666666666667,50-100,6.19-9.99
2022-08-09,2022-08-09,Run,626,6.35313,4274,11.2104,5.35219,145,11074,525,71.23333333333333,50-100,6.19-9.99
2022-08-08,2022-08-08,Run,797,6.34867,4013,10.5318,5.69702,146,10360,524,66.88333333333334,50-100,6.19-9.99
2022-08-06,2022-08-06,Walk,290,2.14121,2267,17.6365,3.40204,119,4141,171,37.78333333333333,30-50,0-3.09
2022-08-06,2022-08-06,Run,311,2.36879,1410,9.91253,6.05294,152,3639,193,23.5,20-30,0-3.09
2022-08-03,2022-08-03,Run,820,6.09,3600,9.85222,6.09,142,9545,495,60.0,50-100,3.09-6.19
2022-07-30,2022-07-30,Run,1117,8.0,5187,10.8062,5.55234,142,13634,550,86.45,50-100,6.19-9.99
2022-07-28,2022-07-28,Run,314,3.1554,1905,10.0635,5.96213,158,5020,340,31.75,30-50,3.09-6.19
2022-07-25,2022-07-25,Run,430,4.2552,6268,24.4819,2.45079,87,8227,442,104.46666666666667,100-150,3.09-6.19
2022-07-24,2022-07-24,Run,415,3.1,1805,9.7043,6.18283,142,4793,276,30.083333333333332,30-50,3.09-6.19
2022-07-21,2022-07-21,Walk,227,1.60334,1657,17.2116,3.48602,131,3001,117,27.616666666666667,20-30,0-3.09
2022-07-21,2022-07-21,Run,422,3.10069,1857,9.9778,6.01335,158,4849,280,30.95,30-50,3.09-6.19
2022-07-20,2022-07-20,Run,836,6.2,3689,9.91667,6.05042,142,9775,501,61.483333333333334,50-100,6.19-9.99
2022-07-18,2022-07-18,Run,1175,9.00279,5709,10.5677,5.67767,143,14918,554,95.15,50-100,6.19-9.99
2022-07-17,2022-07-17,Run,404,3.1,1593,8.56452,7.00565,142,4286,276,26.55,20-30,3.09-6.19
2022-07-17,2022-07-16,Run,405,3.1,1698,9.12903,6.57244,142,4537,276,28.3,20-30,3.09-6.19
2022-07-14,2022-07-14,Run,452,3.75571,2157,9.56352,6.27384,148,5684,409,35.95,30-50,3.09-6.19
2022-07-13,2022-07-13,Run,398,3.1082,1912,10.2504,5.8534,150,4991,321,31.866666666666667,30-50,3.09-6.19
2022-07-12,2022-07-12,Run,421,3.10741,1968,10.5533,5.68541,155,5134,317,32.8,30-50,3.09-6.19
2022-07-12,2022-07-11,Run,197,1.99974,1409,11.7439,5.10902,145,3302,151,23.483333333333334,20-30,0-3.09
2022-07-10,2022-07-10,Run,429,3.09815,2301,12.3732,4.8492,149,5125,264,38.35,30-50,3.09-6.19
2022-07-09,2022-07-09,Run,430,3.10009,2005,10.7738,5.56904,157,5261,277,33.416666666666664,30-50,3.09-6.19
2022-07-08,2022-07-08,Run,454,3.10995,1988,10.6494,5.6341,165,5202,326,33.13333333333333,30-50,3.09-6.19
2022-06-24,2022-06-24,Run,400,3.1,1554,8.35484,7.18147,142,4192,276,25.9,20-30,3.09-6.19
2022-06-23,2022-06-23,Run,410,3.1,1748,9.39785,6.38444,142,4656,276,29.133333333333333,20-30,3.09-6.19
2022-06-21,2022-06-22,Run,403,3.1,1665,8.95161,6.7027,142,4458,276,27.75,20-30,3.09-6.19
2022-06-19,2022-06-19,Run,378,2.66,1800,11.2782,5.32,142,4713,223,30.0,30-50,0-3.09
2022-06-18,2022-06-18,Run,370,2.57857,1698,10.9661,5.4714,159,4431,211,28.3,20-30,0-3.09
2022-06-16,2022-06-17,Run,315,2.33,1391,9.94993,6.03019,142,3684,189,23.183333333333334,20-30,0-3.09
2022-06-15,2022-06-15,Run,405,3.1,1691,9.0914,6.59965,142,4520,276,28.183333333333334,20-30,3.09-6.19
2022-06-12,2022-06-12,Run,428,3.09762,1955,10.5163,5.70545,0,5052,262,32.583333333333336,30-50,3.09-6.19
2022-06-10,2022-06-10,Run,881,6.20257,4182,11.2337,5.34108,153,10479,508,69.7,50-100,6.19-9.99
2022-06-09,2022-06-08,Run,407,3.11,1702,9.12111,6.57814,153,4548,327,28.366666666666667,20-30,3.09-6.19
2022-06-06,2022-06-06,Run,590,4.50165,2924,10.8223,5.54409,145,7739,457,48.733333333333334,30-50,3.09-6.19
2022-06-05,2022-06-05,Walk,253,1.88061,2402,21.277,2.81995,109,3994,139,40.03333333333333,30-50,0-3.09
2022-06-05,2022-06-05,Run,302,2.43575,1487,10.1722,5.89844,148,3889,201,24.783333333333335,20-30,0-3.09
2022-06-04,2022-06-04,Run,856,6.24228,3946,10.5333,5.6962,156,10427,518,65.76666666666667,50-100,6.19-9.99
2022-06-03,2022-06-03,Run,397,3.10851,1864,9.98908,6.00656,152,4863,323,31.066666666666666,30-50,3.09-6.19
2022-05-31,2022-06-01,Run,416,3.1,1817,9.76882,6.14199,142,4822,276,30.283333333333335,30-50,3.09-6.19
2022-05-31,2022-05-31,Run,546,4.08,2377,9.70997,6.17922,145,4048,431,39.61666666666667,30-50,3.09-6.19
2022-05-30,2022-05-30,Run,418,3.10044,1873,10.0597,5.96441,159,4873,278,31.216666666666665,30-50,3.09-6.19
2022-05-28,2022-05-28,Run,426,3.10717,1852,9.93269,6.04066,162,4867,316,30.866666666666667,30-50,3.09-6.19
2022-05-27,2022-05-27,Run,405,3.1,1691,9.0914,6.59965,142,4520,276,28.183333333333334,20-30,3.09-6.19
2022-05-25,2022-05-25,Run,801,6.20547,3735,10.0315,5.98118,150,9802,512,62.25,50-100,6.19-9.99
2022-05-24,2022-05-24,Run,408,3.1,1731,9.30645,6.44714,142,4616,276,28.85,20-30,3.09-6.19
2022-05-22,2022-05-22,Run,420,3.1,1865,10.0269,5.98391,142,4936,276,31.083333333333332,30-50,3.09-6.19
2022-05-20,2022-05-20,Run,417,3.1,1827,9.82258,6.10837,142,4845,276,30.45,30-50,3.09-6.19
2022-05-20,2022-05-20,Run,394,3.10131,1839,9.88125,6.07211,149,4858,284,30.65,30-50,3.09-6.19
2022-05-17,2022-05-17,Run,840,6.20338,3843,10.3243,5.81153,151,10162,509,64.05,50-100,6.19-9.99
2022-05-16,2022-05-16,Run,395,3.10598,1777,9.53134,6.29502,145,4650,312,29.616666666666667,20-30,3.09-6.19
2022-05-14,2022-05-14,Run,419,3.1,1851,9.95161,6.02917,142,4903,276,30.85,30-50,3.09-6.19
2022-05-13,2022-05-13,Run,814,6.2,3430,9.22043,6.50729,149,9155,501,57.166666666666664,50-100,6.19-9.99
2022-05-11,2022-05-11,Run,656,5.00117,2989,9.95615,6.02642,146,7917,476,49.81666666666667,30-50,3.09-6.19
2022-05-09,2022-05-09,Run,391,3.10777,1802,9.65751,6.21278,140,4782,319,30.033333333333335,30-50,3.09-6.19
2022-05-08,2022-05-08,Run,313,2.35281,1376,9.73759,6.16169,156,3622,192,22.933333333333334,20-30,0-3.09
2022-05-07,2022-05-07,Run,348,2.59009,1516,9.74739,6.15549,154,4043,212,25.266666666666666,20-30,0-3.09
2022-05-07,2022-05-07,Run,430,3.1,1974,10.6129,5.6535,142,5197,276,32.9,30-50,3.09-6.19
2022-05-06,2022-05-06,Run,796,6.20509,3701,9.93786,6.03752,148,9854,511,61.68333333333333,50-100,6.19-9.99
2022-05-05,2022-05-05,Run,605,4.51981,2670,9.84503,6.09445,151,7087,458,44.5,30-50,3.09-6.19
2022-05-03,2022-05-03,Run,403,3.1,1665,8.95161,6.7027,142,4458,276,27.75,20-30,3.09-6.19
2022-05-01,2022-05-01,Run,402,3.10282,1727,9.27449,6.46936,158,4584,295,28.783333333333335,20-30,3.09-6.19
2022-04-30,2022-04-30,Run,328,2.42729,1356,9.30802,6.44605,163,3579,196,22.6,20-30,0-3.09
2022-04-29,2022-04-29,Run,816,6.20159,3774,10.1422,5.91586,149,10012,503,62.9,50-100,6.19-9.99
2022-04-28,2022-04-29,Run,399,3.1,1539,8.27419,7.25146,142,4157,276,25.65,20-30,3.09-6.19
2022-04-28,2022-04-28,Run,398,3.10633,1659,8.89784,6.74321,149,4445,314,27.65,20-30,3.09-6.19
2022-04-27,2022-04-27,Run,444,3.50724,1880,8.92682,6.72131,152,5066,380,31.333333333333332,30-50,3.09-6.19
2022-04-25,2022-04-25,Run,393,3.10605,1659,8.89421,6.74597,150,4440,313,27.65,20-30,3.09-6.19
2022-04-23,2022-04-23,Run,404,3.1,1604,8.62366,6.95761,142,4312,276,26.733333333333334,20-30,3.09-6.19
2022-04-23,2022-04-23,Run,403,3.1,1659,8.91935,6.72694,142,4444,276,27.65,20-30,3.09-6.19
2022-04-22,2022-04-22,Run,406,3.1,1700,9.13978,6.56471,142,4542,276,28.333333333333332,20-30,3.09-6.19
2022-04-21,2022-04-21,Run,412,3.10142,1747,9.36898,6.40411,159,4639,287,29.116666666666667,20-30,3.09-6.19
2022-04-19,2022-04-19,Run,650,5.01831,2863,9.4959,6.31851,152,7656,481,47.71666666666667,30-50,3.09-6.19
2022-04-18,2022-04-18,Run,407,3.09845,1766,9.48472,6.32596,153,4696,266,29.433333333333334,20-30,3.09-6.19
2022-04-19,2022-04-17,Run,414,3.1,1800,9.67742,6.2,142,4781,276,30.0,30-50,3.09-6.19
2022-04-15,2022-04-15,Run,405,3.1,1694,9.10753,6.58796,142,4527,276,28.233333333333334,20-30,3.09-6.19
2022-04-15,2022-04-15,Run,312,2.33625,1384,9.86227,6.08379,151,3557,191,23.066666666666666,20-30,0-3.09
2022-04-10,2022-04-10,Run,416,3.1,1820,9.78495,6.13187,142,4829,276,30.333333333333332,30-50,3.09-6.19
2022-04-09,2022-04-09,Run,1070,7.52507,4924,10.9062,5.50145,156,13023,546,82.06666666666666,50-100,6.19-9.99
2022-04-03,2022-04-03,Run,30,0.251156,145,9.57475,6.26648,144,372,7,2.4166666666666665,0-20,0-3.09
2022-04-03,2022-04-03,Run,881,6.19947,3852,10.3494,5.79745,161,10290,500,64.2,50-100,6.19-9.99
2022-03-31,2022-03-31,Run,411,3.1,1761,9.46774,6.33731,142,4688,276,29.35,20-30,3.09-6.19
2022-03-31,2022-03-27,Run,93,0.662913,394,9.89718,6.06234,148,999,31,6.566666666666666,0-20,0-3.09
2022-03-31,2022-03-27,Run,402,3.10118,1811,9.72485,6.16976,155,4714,281,30.183333333333334,30-50,3.09-6.19
2022-03-25,2022-03-25,Run,406,3.1,1704,9.16129,6.5493,142,4551,276,28.4,20-30,3.09-6.19
2022-03-25,2022-03-23,Run,415,3.1,1803,9.69355,6.18968,142,4788,276,30.05,30-50,3.09-6.19
2022-03-20,2022-03-20,Run,837,6.2,3694,9.93011,6.04223,142,9787,501,61.56666666666667,50-100,6.19-9.99
2022-03-19,2022-03-19,Run,830,6.2,3613,9.71237,6.17769,142,9593,501,60.21666666666667,50-100,6.19-9.99
2022-03-14,2022-03-13,Run,418,3.1,1847,9.93011,6.04223,142,4893,276,30.783333333333335,30-50,3.09-6.19
2022-03-11,2022-03-11,Run,817,6.20247,3834,10.3003,5.82508,155,10219,507,63.9,50-100,6.19-9.99
2022-03-11,2022-03-10,Run,410,3.1,1750,9.4086,6.37714,142,4661,276,29.166666666666668,20-30,3.09-6.19
2022-03-08,2022-03-09,Run,411,3.1,1757,9.44624,6.35174,142,4678,276,29.283333333333335,20-30,3.09-6.19
2022-03-06,2022-03-06,Run,1854,13.1,9189,11.6908,5.13222,156,22087,564,153.15,,13.1-26.2
2022-03-05,2022-03-05,Run,422,3.1,1886,10.1398,5.91729,142,4987,276,31.433333333333334,30-50,3.09-6.19
2022-03-05,2022-03-05,Run,301,3.1,3688,19.828,3.02603,142,9296,276,61.46666666666667,50-100,3.09-6.19
2022-02-28,2022-03-01,Run,1464,10.51,6776,10.7453,5.58383,142,18259,562,112.93333333333334,100-150,9.99-13.1
2022-02-27,2022-02-27,Run,824,6.2,3548,9.53763,6.29087,142,9437,501,59.13333333333333,50-100,6.19-9.99
2022-02-27,2022-02-27,Run,791,5.75,3600,10.4348,5.75,142,9493,490,60.0,50-100,3.09-6.19
2022-02-22,2022-02-23,Run,404,3.1,1600,8.60215,6.975,142,4303,276,26.666666666666668,20-30,3.09-6.19
2022-02-21,2022-02-21,Walk,487,4.07453,4837,19.7728,3.03447,100,5841,430,80.61666666666666,50-100,3.09-6.19
2022-02-21,2022-02-21,Run,475,3.60654,2071,9.56704,6.27153,161,5569,395,34.516666666666666,30-50,3.09-6.19
2022-02-19,2022-02-17,Run,403,3.1,1620,8.70968,6.88889,142,4350,276,27.0,20-30,3.09-6.19
2022-02-19,2022-02-16,Run,265,2.0,1132,9.43333,6.36042,142,3014,152,18.866666666666667,0-20,0-3.09
2022-02-13,2022-02-13,Run,403,3.1,1611,8.66129,6.92737,142,4329,276,26.85,20-30,3.09-6.19
2022-02-12,2022-02-12,Run,411,3.1,1767,9.5,6.31579,142,4702,276,29.45,20-30,3.09-6.19
2022-02-12,2022-02-11,Run,403,3.1,1641,8.82258,6.80073,142,4401,276,27.35,20-30,3.09-6.19
2022-02-12,2022-02-10,Run,397,3.1,1521,8.17742,7.33728,142,4114,276,25.35,20-30,3.09-6.19
2022-02-02,2022-02-02,Run,399,3.10459,1722,9.24186,6.4922,151,4592,303,28.7,20-30,3.09-6.19
2022-02-01,2022-02-01,Run,400,3.1077,1718,9.21152,6.51358,150,4610,318,28.633333333333333,20-30,3.09-6.19
2022-01-31,2022-01-31,Run,54,0.440799,219,8.25808,7.26561,156,576,21,3.65,0-20,0-3.09
2022-01-31,2022-01-31,Run,287,2.23328,1172,8.7371,6.86726,156,3126,179,19.533333333333335,0-20,0-3.09
2022-01-30,2022-01-30,Run,416,3.2,1707,8.89062,6.74868,142,4574,348,28.45,20-30,3.09-6.19
2022-01-29,2022-01-29,Run,455,3.29,2359,11.9504,5.02077,142,6147,358,39.31666666666667,30-50,3.09-6.19
2022-01-26,2022-01-26,Run,404,3.10535,1727,9.26428,6.47649,160,4630,309,28.783333333333335,20-30,3.09-6.19
2022-01-25,2022-01-26,Run,403,3.1,1610,8.65591,6.93168,142,4326,276,26.833333333333332,20-30,3.09-6.19
2022-01-23,2022-01-23,Run,404,3.1,1599,8.59677,6.97936,142,4300,276,26.65,20-30,3.09-6.19
2022-01-22,2022-01-22,Run,403,3.1,1647,8.85484,6.77596,142,4415,276,27.45,20-30,3.09-6.19
2022-01-22,2022-01-20,Run,345,2.5,1578,10.52,5.70342,142,5532,207,26.3,20-30,0-3.09
2022-01-18,2022-01-18,Walk,244,1.71222,2547,24.766,2.42268,94,3313,128,42.45,30-50,0-3.09
2022-01-18,2022-01-18,Run,292,2.23836,1331,9.90469,6.05773,146,3526,181,22.183333333333334,20-30,0-3.09
2022-01-17,2022-01-17,Run,839,6.2,3720,10.0,6.0,142,9849,501,62.0,50-100,6.19-9.99
2022-01-15,2022-01-15,Run,403,3.1,1672,8.98925,6.67464,142,4475,276,27.866666666666667,20-30,3.09-6.19
2022-01-13,2022-01-13,Run,401,3.10137,1775,9.53308,6.29387,150,4736,285,29.583333333333332,20-30,3.09-6.19
2022-01-12,2022-01-12,Run,408,3.10493,1821,9.76737,6.14291,154,4852,306,30.35,30-50,3.09-6.19
2022-01-11,2022-01-11,Run,827,6.20239,3703,9.94831,6.03118,156,9778,506,61.71666666666667,50-100,6.19-9.99
2022-01-10,2022-01-10,Run,403,3.1,1647,8.85484,6.77596,158,4217,276,27.45,20-30,3.09-6.19
2022-01-09,2022-01-09,Walk,394,2.68793,3130,19.4021,3.09245,106,5453,227,52.166666666666664,50-100,0-3.09
2022-01-09,2022-01-09,Run,344,2.67208,1485,9.25718,6.48145,157,3932,224,24.75,20-30,0-3.09
2022-01-09,2022-01-08,Run,406,3.1,1704,9.16129,6.5493,142,4551,276,28.4,20-30,3.09-6.19
2022-01-03,2022-01-03,Run,404,3.1,1599,8.59677,6.97936,142,4300,276,26.65,20-30,3.09-6.19
2022-01-01,2022-01-01,Run,402,3.1,1575,8.46774,7.08571,142,4243,276,26.25,20-30,3.09-6.19
2021-12-31,2021-12-31,Run,397,3.1,1521,8.17742,7.33728,142,4114,276,25.35,20-30,3.09-6.19
2021-12-29,2021-12-29,Run,405,3.1,1692,9.09677,6.59574,142,4523,276,28.2,20-30,3.09-6.19
2021-12-29,2021-12-28,Run,411,3.1,1760,9.46237,6.34091,142,4685,276,29.333333333333332,20-30,3.09-6.19
2021-12-29,2021-12-27,Run,404,3.1,1686,9.06452,6.61922,142,4508,276,28.1,20-30,3.09-6.19
2021-12-23,2021-12-23,Run,816,6.20212,3744,10.0576,5.96566,151,9888,505,62.4,50-100,6.19-9.99
2021-12-22,2021-12-22,Run,720,6.20107,3633,9.76251,6.14596,149,9628,502,60.55,50-100,6.19-9.99
2021-12-21,2021-12-20,Run,448,3.23,2058,10.6192,5.65015,142,5418,353,34.3,30-50,3.09-6.19
2021-12-18,2021-12-18,Run,821,6.18364,3397,9.15475,6.55397,163,9059,498,56.61666666666667,50-100,3.09-6.19
2021-12-16,2021-12-16,Run,401,3.1048,1717,9.20924,6.5152,149,4535,305,28.616666666666667,20-30,3.09-6.19
2021-12-15,2021-12-15,Run,403,3.1,1642,8.82796,6.79659,142,4403,276,27.366666666666667,20-30,3.09-6.19
2021-12-15,2021-12-14,Run,405,3.1,1690,9.08602,6.60355,142,4518,276,28.166666666666668,20-30,3.09-6.19
2021-12-13,2021-12-13,Run,410,3.07307,1774,9.61835,6.23807,0,4702,251,29.566666666666666,20-30,0-3.09
2021-12-10,2021-12-10,Run,870,6.20368,3890,10.4484,5.74251,148,10214,510,64.83333333333333,50-100,6.19-9.99
2021-12-09,2021-12-09,Run,399,3.1056,1743,9.34827,6.4183,156,4610,311,29.05,20-30,3.09-6.19
2021-12-05,2021-12-05,Run,1876,13.13,9540,12.1087,4.95512,148,22488,567,159.0,,13.1-26.2
2021-12-04,2021-12-04,Run,829,6.2,3600,9.67742,6.2,142,9562,501,60.0,50-100,6.19-9.99
2021-12-03,2021-12-03,Run,852,6.20721,3784,10.1547,5.9086,157,9940,513,63.06666666666667,50-100,6.19-9.99
2021-12-02,2021-12-02,Run,460,3.57864,2187,10.181,5.89334,150,5802,394,36.45,30-50,3.09-6.19
2021-12-01,2021-12-01,Run,866,6.21259,3840,10.3003,5.82506,159,10188,516,64.0,50-100,6.19-9.99
2021-12-02,2021-11-30,Run,420,3.1,2292,12.3226,4.86911,142,5958,276,38.2,30-50,3.09-6.19
2021-11-28,2021-11-28,Run,386,2.79223,1799,10.7295,5.59205,159,4505,230,29.983333333333334,20-30,0-3.09
2021-11-23,2021-11-23,Run,674,5.0,2966,9.88667,6.06878,142,7861,475,49.43333333333333,30-50,3.09-6.19
2021-11-22,2021-11-22,Run,400,3.10988,1783,9.55207,6.28136,150,4789,325,29.716666666666665,20-30,3.09-6.19
2021-11-20,2021-11-20,Run,410,3.1,1748,9.39785,6.38444,142,4656,276,29.133333333333333,20-30,3.09-6.19
2021-11-17,2021-11-17,Run,408,3.1,1723,9.26344,6.47708,142,4597,276,28.716666666666665,20-30,3.09-6.19
2021-11-17,2021-11-16,Run,416,3.1,1818,9.77419,6.13861,142,4824,276,30.3,30-50,3.09-6.19
2021-11-15,2021-11-15,Run,421,3.18,1800,9.43396,6.36,142,4793,345,30.0,30-50,3.09-6.19
2021-11-14,2021-11-14,Run,837,6.3,3600,9.52381,6.3,142,9577,523,60.0,50-100,6.19-9.99
2021-11-13,2021-11-13,Run,834,6.26,3600,9.58466,6.26,142,9571,521,60.0,50-100,6.19-9.99
2021-11-12,2021-11-12,Run,421,3.1,1872,10.0645,5.96154,142,4953,276,31.2,30-50,3.09-6.19
2021-11-11,2021-11-11,Run,651,5.0,2582,8.60667,6.97134,142,6943,475,43.03333333333333,30-50,3.09-6.19
2021-11-11,2021-11-10,Run,406,3.1,1703,9.15591,6.55314,142,4549,276,28.383333333333333,20-30,3.09-6.19
2021-11-10,2021-11-10,Run,403,3.13794,1806,9.58785,6.25792,156,4804,337,30.1,30-50,3.09-6.19
2021-11-04,2021-11-04,Run,403,3.1,1674,9.0,6.66667,142,4479,276,27.9,20-30,3.09-6.19
2021-10-30,2021-10-30,Run,404,3.1,1683,9.04839,6.63102,142,4501,276,28.05,20-30,3.09-6.19
2021-10-23,2021-10-23,Run,412,3.1,1777,9.55376,6.28025,142,4726,276,29.616666666666667,20-30,3.09-6.19
2021-10-16,2021-10-16,Run,1351,10.0009,5964,9.93766,6.03764,154,16017,556,99.4,50-100,9.99-13.1
2021-10-17,2021-10-15,Run,402,3.1,1577,8.47849,7.07673,142,4247,276,26.283333333333335,20-30,3.09-6.19
2021-10-14,2021-10-14,Run,457,3.56526,2081,9.72519,6.16954,143,5598,391,34.68333333333333,30-50,3.09-6.19
2021-10-13,2021-10-13,Run,456,3.55868,2072,9.70043,6.18529,146,5526,389,34.53333333333333,30-50,3.09-6.19
2021-10-12,2021-10-12,Run,363,2.49986,1450,9.66282,6.20937,154,3876,206,24.166666666666668,20-30,0-3.09
2021-10-11,2021-10-11,Run,396,3.1,1516,8.15054,7.36148,142,4102,276,25.266666666666666,20-30,3.09-6.19
2021-10-09,2021-10-09,Run,437,3.08652,1572,8.48664,7.06993,165,4217,252,26.2,20-30,0-3.09
2021-10-06,2021-10-06,Run,403,3.10499,1800,9.6603,6.21099,148,4796,307,30.0,30-50,3.09-6.19
2021-10-05,2021-10-05,Run,400,3.1,1557,8.37097,7.16763,142,4200,276,25.95,20-30,3.09-6.19
2021-10-03,2021-10-03,Run,402,3.1,1581,8.5,7.05882,142,4257,276,26.35,20-30,3.09-6.19
2021-10-03,2021-10-02,Run,403,3.1,1630,8.76344,6.84663,142,4374,276,27.166666666666668,20-30,3.09-6.19
2021-09-28,2021-09-28,Run,603,4.39982,2573,9.74253,6.15857,153,6816,451,42.88333333333333,30-50,3.09-6.19
2021-09-27,2021-09-27,Run,457,3.56663,2012,9.39806,6.38429,150,5405,392,33.53333333333333,30-50,3.09-6.19
2021-09-26,2021-09-26,Run,520,4.0,2135,8.89583,6.74473,142,5720,414,35.583333333333336,30-50,3.09-6.19
2021-09-25,2021-09-25,Run,521,4.0,2164,9.01667,6.65434,142,5790,414,36.06666666666667,30-50,3.09-6.19
2021-09-24,2021-09-24,Run,494,3.55645,2015,9.43889,6.35668,161,5340,387,33.583333333333336,30-50,3.09-6.19
2021-09-23,2021-09-23,Run,469,3.55639,2143,10.0388,5.97681,146,5720,386,35.71666666666667,30-50,3.09-6.19
2021-09-17,2021-09-17,Run,415,3.1,1809,9.72581,6.16915,142,4802,276,30.15,30-50,3.09-6.19
2021-09-16,2021-09-17,Run,407,3.1,1719,9.24194,6.49215,142,4587,276,28.65,20-30,3.09-6.19
2021-09-13,2021-09-13,Run,449,3.50219,2021,9.61438,6.24065,148,5376,378,33.68333333333333,30-50,3.09-6.19
2021-09-13,2021-09-12,Run,420,3.1,1864,10.0215,5.98712,142,4934,276,31.066666666666666,30-50,3.09-6.19
2021-09-13,2021-09-11,Run,419,3.1,1854,9.96774,6.01942,142,4910,276,30.9,30-50,3.09-6.19
2021-09-09,2021-09-09,Walk,91,0.602201,797,21.9492,2.73358,111,1219,29,13.283333333333333,0-20,0-3.09
2021-09-09,2021-09-09,Run,925,6.24483,3855,10.2873,5.83242,148,10228,519,64.25,50-100,6.19-9.99
2021-09-06,2021-09-06,Walk,355,2.33338,3387,24.1583,2.48362,105,4560,190,56.45,50-100,0-3.09
2021-09-06,2021-09-06,Run,320,2.46707,1461,9.86528,6.08194,146,3878,204,24.35,20-30,0-3.09
2021-09-05,2021-09-04,Walk,309,2.61999,2210,14.0585,4.26787,81,5348,216,36.833333333333336,30-50,0-3.09
2021-09-04,2021-09-04,Run,344,2.47592,1458,9.80986,6.1163,150,3865,205,24.3,20-30,0-3.09
2021-09-03,2021-09-03,Run,550,4.00039,2367,9.85701,6.08704,155,6331,416,39.45,30-50,3.09-6.19
2021-09-01,2021-09-01,Run,412,3.10235,1818,9.7638,6.14515,157,4864,294,30.3,30-50,3.09-6.19
2021-08-31,2021-08-31,Run,453,3.55837,2043,9.56249,6.27452,150,5471,388,34.05,30-50,3.09-6.19
2021-08-29,2021-08-29,Run,416,3.10555,1787,9.58815,6.25772,156,4710,310,29.783333333333335,20-30,3.09-6.19
2021-08-28,2021-08-28,Run,420,3.10344,1815,9.74116,6.15943,157,4786,297,30.25,30-50,3.09-6.19
2021-08-26,2021-08-26,Run,1055,7.50194,4672,10.377,5.78201,152,12445,545,77.86666666666666,50-100,6.19-9.99
2021-08-25,2021-08-25,Run,399,3.1038,1748,9.38351,6.39419,150,4658,298,29.133333333333333,20-30,3.09-6.19
2021-08-24,2021-08-24,Run,410,3.10129,1761,9.45544,6.34555,157,4707,283,29.35,20-30,3.09-6.19
2021-08-22,2021-08-22,Walk,357,2.41854,2756,18.98,3.16123,133,4938,195,45.93333333333333,30-50,0-3.09
2021-08-22,2021-08-22,Run,570,3.91673,2400,10.2098,5.87672,157,6333,412,40.0,30-50,3.09-6.19
2021-08-21,2021-08-21,Walk,224,1.62582,1825,18.7035,3.20795,132,3306,119,30.416666666666668,30-50,0-3.09
2021-08-21,2021-08-21,Run,31,0.246179,149,9.98081,6.01154,163,375,5,2.4833333333333334,0-20,0-3.09
2021-08-21,2021-08-21,Walk,41,0.285085,392,22.8729,2.6232,139,654,10,6.533333333333333,0-20,0-3.09
2021-08-21,2021-08-21,Run,348,2.4372,1467,10.0281,5.98317,162,3876,202,24.45,20-30,0-3.09
2021-08-20,2021-08-20,Run,882,6.39987,4016,10.456,5.73836,148,10673,527,66.93333333333334,50-100,6.19-9.99
2021-08-18,2021-08-18,Run,427,3.2685,1870,9.52893,6.29661,159,4958,356,31.166666666666668,30-50,3.09-6.19
2021-08-17,2021-08-17,Run,409,3.1021,1868,10.0259,5.98448,144,4909,293,31.133333333333333,30-50,3.09-6.19
2021-08-16,2021-08-16,Walk,301,2.89999,2607,14.9833,4.00445,103,1053,240,43.45,30-50,0-3.09
2021-08-16,2021-08-16,Run,419,3.10122,1913,10.2716,5.84133,148,5065,282,31.883333333333333,30-50,3.09-6.19
2021-08-15,2021-08-15,Walk,152,1.03783,2851,45.779,1.31065,106,772,73,47.516666666666666,30-50,0-3.09
2021-08-15,2021-08-15,Run,405,3.10412,1849,9.92175,6.04732,151,4939,301,30.816666666666666,30-50,3.09-6.19
2021-08-14,2021-08-14,Indoor Run / Jog,351,1.77948,2208,20.0024,2.99964,126,3755,131,36.8,30-50,0-3.09
2021-08-14,2021-08-14,Run,388,3.10143,1847,9.92647,6.04444,161,4934,288,30.783333333333335,30-50,3.09-6.19
2021-08-12,2021-08-12,Run,453,3.10141,1880,10.101,5.94001,156,5011,286,31.333333333333332,30-50,3.09-6.19
2021-08-11,2021-08-11,Run,424,3.09832,1837,9.87234,6.07759,159,4849,265,30.616666666666667,30-50,3.09-6.19
2021-08-09,2021-08-09,Walk,449,4.36999,4194,15.9954,3.75107,112,561,450,69.9,50-100,3.09-6.19
2021-08-09,2021-08-09,Run,422,3.10515,1893,10.1576,5.90693,145,5032,308,31.55,30-50,3.09-6.19
2021-08-08,2021-08-08,Walk,143,1.01291,1214,19.9443,3.00838,121,2116,65,20.233333333333334,20-30,0-3.09
2021-08-08,2021-08-08,Run,476,3.10458,1852,9.93634,6.03844,151,4884,302,30.866666666666667,30-50,3.09-6.19
2021-08-07,2021-08-07,Walk,266,1.79562,2077,19.2681,3.11396,120,3700,132,34.61666666666667,30-50,0-3.09
2021-08-07,2021-08-07,Run,419,3.09676,1900,10.2149,5.87377,155,5043,258,31.666666666666668,30-50,3.09-6.19
2021-08-05,2021-08-05,Walk,125,0.82676,1053,21.1961,2.8307,118,1709,38,17.55,0-20,0-3.09
2021-08-05,2021-08-05,Run,477,3.49952,2153,10.2485,5.85454,152,5761,376,35.88333333333333,30-50,3.09-6.19
2021-08-04,2021-08-04,Run,418,3.11619,1888,10.0941,5.94409,155,5010,332,31.466666666666665,30-50,3.09-6.19
2021-08-03,2021-08-03,Walk,284,1.99305,2338,19.3782,3.09626,109,3767,148,38.96666666666667,30-50,0-3.09
2021-08-03,2021-08-03,Run,368,2.82903,1758,10.3568,5.7933,146,4596,234,29.3,20-30,0-3.09
2021-08-02,2021-08-02,Walk,112,0.730137,1182,26.9728,2.22447,114,1529,34,19.7,0-20,0-3.09
2021-08-02,2021-08-02,Run,282,2.02293,1243,10.2373,5.8609,158,3299,162,20.716666666666665,20-30,0-3.09
2021-08-02,2021-08-01,Walk,280,2.06988,2242,18.0545,3.32328,131,4051,168,37.36666666666667,30-50,0-3.09
2021-08-01,2021-08-01,Run,254,2.0111,1187,9.83603,6.10002,160,3126,157,19.783333333333335,0-20,0-3.09
2021-07-29,2021-07-29,Run,512,3.61858,2310,10.6399,5.63914,162,6041,397,38.5,30-50,3.09-6.19
2021-07-17,2021-07-17,Run,414,3.1,1798,9.66667,6.2069,142,4776,276,29.966666666666665,20-30,3.09-6.19
2021-07-11,2021-07-11,Walk,275,1.97196,2061,17.4076,3.44677,109,3809,146,34.35,30-50,0-3.09
2021-07-11,2021-07-11,Run,540,4.01396,2587,10.7375,5.58792,142,6834,421,43.11666666666667,30-50,3.09-6.19
2021-07-08,2021-07-08,Run,406,3.10194,1850,9.93376,6.04001,158,4894,292,30.833333333333332,30-50,3.09-6.19
2021-07-06,2021-07-06,Run,402,3.10971,1895,10.1544,5.90877,155,5029,324,31.583333333333332,30-50,3.09-6.19
2021-07-03,2021-07-03,Run,337,2.59691,1555,9.97261,6.01648,161,4128,213,25.916666666666668,20-30,0-3.09
2021-07-01,2021-07-01,Run,427,3.10826,1945,10.4214,5.75738,159,5139,322,32.416666666666664,30-50,3.09-6.19
2021-06-29,2021-06-29,Run,407,3.10805,1866,10.0011,5.99936,156,4916,320,31.1,30-50,3.09-6.19
2021-06-25,2021-06-25,Indoor Run / Jog,403,3.1,1669,8.97312,6.68664,142,6859,276,27.816666666666666,20-30,3.09-6.19
2021-06-21,2021-06-21,Run,334,2.42898,1796,12.3154,4.87195,139,4016,197,29.933333333333334,20-30,0-3.09
2021-06-15,2021-06-15,Run,518,4.30021,2531,9.80622,6.11857,162,6368,446,42.18333333333333,30-50,3.09-6.19
2021-06-14,2021-06-14,Run,393,3.10181,1815,9.74456,6.15728,154,4781,291,30.25,30-50,3.09-6.19
2021-06-12,2021-06-12,Run,491,3.17424,3545,18.6064,3.22469,125,6108,344,59.083333333333336,50-100,3.09-6.19
2021-06-12,2021-06-11,Run,251,1.93,999,8.62694,6.95496,80,3224,143,16.65,0-20,0-3.09
2021-06-10,2021-06-10,Run,485,3.31728,3165,15.9017,3.77317,135,5680,360,52.75,50-100,3.09-6.19
2021-06-06,2021-06-06,Run,592,4.48723,4611,17.1109,3.50653,118,8019,454,76.85,50-100,3.09-6.19
2021-06-05,2021-06-05,Run,541,3.97066,4023,16.8845,3.55357,119,6954,413,67.05,50-100,3.09-6.19
2021-06-04,2021-06-04,Run,285,2.23902,1267,9.42108,6.3687,153,3388,182,21.116666666666667,20-30,0-3.09
2021-06-02,2021-06-02,Run,423,3.09945,1897,10.1981,5.88344,0,5012,271,31.616666666666667,30-50,3.09-6.19
2021-05-31,2021-05-31,Run,411,3.13047,2433,12.9485,4.63375,133,5499,336,40.55,30-50,3.09-6.19
2021-05-27,2021-05-27,Run,261,1.98602,1025,8.59576,6.98018,169,2713,147,17.083333333333332,0-20,0-3.09
2021-06-02,2021-05-26,Run,474,4.84696,5638,19.3839,3.09536,0,4317,469,93.96666666666667,50-100,3.09-6.19
2021-05-06,2021-05-06,Run,416,3.1,1821,9.79032,6.1285,142,4831,276,30.35,30-50,3.09-6.19
2021-05-02,2021-05-02,Run,634,4.06368,3623,14.8536,4.03941,148,7027,429,60.38333333333333,50-100,3.09-6.19
2021-04-26,2021-04-26,Run,674,4.99966,3002,10.0066,5.99606,156,8118,474,50.03333333333333,50-100,3.09-6.19
2021-04-24,2021-04-24,Run,1471,10.0029,6605,11.0046,5.45228,152,17517,557,110.08333333333333,100-150,9.99-13.1
2021-04-21,2021-04-21,Run,1928,13.4816,10191,12.5978,4.76272,144,22719,569,169.85,,13.1-26.2
2021-04-19,2021-04-19,Run,1264,8.54898,5659,11.0284,5.44048,159,14495,553,94.31666666666666,50-100,6.19-9.99
2021-04-18,2021-04-18,Run,404,3.1,1605,8.62903,6.95327,142,4314,276,26.75,20-30,3.09-6.19
2021-04-17,2021-04-17,Run,260,2.0,1065,8.875,6.76056,142,2854,152,17.75,0-20,0-3.09
2021-04-16,2021-04-16,Run,427,3.1,1948,10.4731,5.72895,142,5135,276,32.46666666666667,30-50,3.09-6.19
2021-04-16,2021-04-16,Run,407,3.1,1720,9.24731,6.48837,142,4590,276,28.666666666666668,20-30,3.09-6.19
2021-04-14,2021-04-14,Run,412,3.1,1776,9.54839,6.28378,142,4723,276,29.6,20-30,3.09-6.19
2021-04-12,2021-04-12,Run,399,1.8785,4911,43.5616,1.37736,100,3534,138,81.85,50-100,0-3.09
2021-04-12,2021-04-12,Run,184,1.36683,793,9.65086,6.21706,157,2059,97,13.216666666666667,0-20,0-3.09
2021-04-09,2021-04-09,Run,110,0.765194,447,9.6921,6.19061,131,1199,36,7.45,0-20,0-3.09
2021-04-09,2021-04-09,Run,234,1.77599,1076,10.0933,5.94455,122,2853,130,17.933333333333334,0-20,0-3.09
2021-04-14,2021-04-07,Run,1052,7.75998,4668,10.0333,5.98007,144,12717,548,77.8,50-100,6.19-9.99
2021-04-06,2021-04-06,Run,417,3.10288,1778,9.54722,6.28455,165,4720,296,29.633333333333333,20-30,3.09-6.19
2021-04-04,2021-04-04,Run,415,3.1,1808,9.72043,6.17257,142,4800,276,30.133333333333333,30-50,3.09-6.19
2021-04-03,2021-04-03,Run,421,3.1,1874,10.0753,5.95518,142,4958,276,31.233333333333334,30-50,3.09-6.19
2021-04-01,2021-04-01,Run,389,2.8,1800,10.7143,5.6,142,4735,231,30.0,30-50,0-3.09
2021-03-31,2021-03-31,Run,597,4.45565,3355,12.5495,4.78106,0,7762,453,55.916666666666664,50-100,3.09-6.19
2021-03-27,2021-03-27,Indoor Run / Jog,444,3.19,2053,10.7262,5.59377,142,7058,346,34.21666666666667,30-50,3.09-6.19
2021-03-23,2021-03-23,Run,369,2.65921,1830,11.4639,5.2338,152,4449,222,30.5,30-50,0-3.09
2021-03-21,2021-03-21,Run,621,4.36085,3386,12.9381,4.63748,148,7572,449,56.43333333333333,50-100,3.09-6.19
2021-03-20,2021-03-20,Run,744,4.96705,3969,13.3129,4.50692,149,8713,473,66.15,50-100,3.09-6.19
2021-03-18,2021-03-18,Indoor Run / Jog,398,2.9,1800,10.3448,5.8,142,6417,241,30.0,30-50,0-3.09
2021-03-17,2021-03-17,Run,616,4.14472,2619,10.5243,5.70107,164,6998,435,43.65,30-50,3.09-6.19
2021-03-16,2021-03-16,Run,498,3.11139,2134,11.4299,5.2494,158,5416,329,35.56666666666667,30-50,3.09-6.19
2021-03-14,2021-03-14,Run,416,3.11,2352,12.6045,4.7602,142,6103,327,39.2,30-50,3.09-6.19
2021-03-13,2021-03-13,Run,400,3.1,2476,13.3118,4.50727,142,6398,276,41.266666666666666,30-50,3.09-6.19
2021-01-12,2021-01-12,Run,410,3.1,1745,9.38172,6.39542,142,4649,276,29.083333333333332,20-30,3.09-6.19
2021-01-10,2021-01-10,Run,411,3.1,1766,9.49462,6.31937,142,4700,276,29.433333333333334,20-30,3.09-6.19
2021-01-10,2021-01-09,Run,415,3.1,1809,9.72581,6.16915,142,4802,276,30.15,30-50,3.09-6.19
2021-01-02,2021-01-02,Run,412,3.12,1749,9.34295,6.42196,142,4662,333,29.15,20-30,3.09-6.19
2020-12-27,2020-12-27,Run,410,3.15417,2491,13.1623,4.55848,0,5378,339,41.516666666666666,30-50,3.09-6.19
2020-12-06,2020-12-06,Run,539,4.02,2358,9.77613,6.1374,142,8895,425,39.3,30-50,3.09-6.19
2020-11-28,2020-11-28,Run,403,3.1,1674,9.0,6.66667,142,6859,276,27.9,20-30,3.09-6.19
2020-12-27,2020-11-26,Run,501,3.72999,2196,9.81667,6.11205,143,6121,405,36.6,30-50,3.09-6.19
2020-11-23,2020-11-23,Run,841,6.20161,3733,10.03,5.98208,157,10044,504,62.21666666666667,50-100,6.19-9.99
2020-11-22,2020-11-22,Run,434,3.34,1800,8.98204,6.68,142,4818,363,30.0,30-50,3.09-6.19
2020-11-21,2020-11-21,Run,987,7.5,4183,9.29556,6.4547,142,9761,543,69.71666666666667,50-100,6.19-9.99
2020-11-19,2020-11-19,Run,403,3.1,1632,8.77419,6.83824,142,4379,276,27.2,20-30,3.09-6.19
2020-11-17,2020-11-17,Run,881,6.19,4204,11.3193,5.30067,142,11005,499,70.06666666666666,50-100,6.19-9.99
2020-11-04,2020-11-04,Run,866,6.06188,3678,9.99589,6.00247,164,9863,494,61.3,50-100,3.09-6.19
2020-11-03,2020-11-03,Machine Workout,304,4.5,2640,9.77778,6.13636,142,9957,455,44.0,30-50,3.09-6.19
2020-11-01,2020-11-01,Run,407,3.1,1721,9.25269,6.4846,142,4592,276,28.683333333333334,20-30,3.09-6.19
2020-10-31,2020-10-31,Run,402,3.1,1581,8.5,7.05882,142,4257,276,26.35,20-30,3.09-6.19
2020-10-31,2020-10-30,Run,355,2.5,1695,11.3,5.30973,142,4438,207,28.25,20-30,0-3.09
2020-10-16,2020-10-16,Run,1519,10.8782,7059,10.8147,5.54798,0,18553,563,117.65,100-150,9.99-13.1
2020-10-15,2020-10-15,Run,418,3.09931,1840,9.8894,6.0671,0,4980,270,30.666666666666668,30-50,3.09-6.19
2020-10-11,2020-10-11,Run,813,6.57769,5424,13.7419,4.36622,127,11855,532,90.4,50-100,6.19-9.99
2020-10-09,2020-10-09,Run,851,6.47,3600,9.27357,6.47,142,9603,528,60.0,50-100,6.19-9.99
2020-10-08,2020-10-08,Run,482,3.85071,2065,8.92966,6.71918,144,5697,410,34.416666666666664,30-50,3.09-6.19
2020-10-07,2020-10-07,Run,909,6.98,3600,8.59599,6.98,142,9681,537,60.0,50-100,6.19-9.99
2020-10-06,2020-10-06,Run,525,4.0,2207,9.19583,6.52469,142,5892,414,36.78333333333333,30-50,3.09-6.19
2020-10-07,2020-10-04,Run,395,3.1,1501,8.06989,7.43504,142,4066,276,25.016666666666666,20-30,3.09-6.19
2020-10-03,2020-10-03,Run,552,4.28983,2391,9.28815,6.45984,155,6455,445,39.85,30-50,3.09-6.19
2020-10-01,2020-10-01,Run,649,5.0,2688,8.96,6.69643,142,7196,475,44.8,30-50,3.09-6.19
2020-09-29,2020-09-29,Run,782,6.00658,4734,13.1332,4.56856,0,10584,493,78.9,50-100,3.09-6.19
2020-09-28,2020-09-28,Run,521,4.01522,2138,8.86738,6.76638,164,5806,422,35.63333333333333,30-50,3.09-6.19
2020-09-26,2020-09-26,Run,903,6.94,3600,8.64553,6.94,142,9675,536,60.0,50-100,6.19-9.99
2020-09-25,2020-09-25,Run,872,6.71,3601,8.94436,6.70814,142,9642,533,60.016666666666666,50-100,6.19-9.99
2020-09-23,2020-09-23,Run,1318,10.06,5537,9.17329,6.54073,142,14787,559,92.28333333333333,50-100,9.99-13.1
2020-09-21,2020-09-21,Run,387,3.1,1446,7.77419,7.71784,142,3934,276,24.1,20-30,3.09-6.19
2020-09-20,2020-09-20,Run,513,5.17345,3460,11.1429,5.38457,146,8503,484,57.666666666666664,50-100,3.09-6.19
2020-09-17,2020-09-17,Run,408,3.01,1807,10.0055,5.99668,142,4784,249,30.116666666666667,30-50,0-3.09
2020-09-16,2020-09-16,Run,824,6.14,3600,9.77199,6.14,142,9552,496,60.0,50-100,3.09-6.19
2020-09-14,2020-09-14,Run,881,6.78,3600,8.84956,6.78,142,9651,534,60.0,50-100,6.19-9.99
2020-09-13,2020-09-13,Run,398,3.1,1537,8.26344,7.2609,142,4152,276,25.616666666666667,20-30,3.09-6.19
2020-09-10,2020-09-10,Run,1308,10.07,5391,8.92254,6.72454,142,14439,560,89.85,50-100,9.99-13.1
2020-09-07,2020-09-07,Run,337,3.09786,1749,9.40375,6.38044,163,4696,263,29.15,20-30,3.09-6.19
2020-09-06,2020-09-06,Run,328,3.09967,1787,9.59976,6.25016,161,4819,272,29.783333333333335,20-30,3.09-6.19
2020-09-04,2020-09-04,Run,381,3.01,1434,7.9402,7.55649,142,3892,249,23.9,20-30,0-3.09
2020-09-02,2020-09-02,Run,456,3.5,1902,9.05714,6.62461,142,1814,377,31.7,30-50,3.09-6.19
2020-09-01,2020-09-01,Run,404,3.1,1594,8.56989,7.00125,142,4288,276,26.566666666666666,20-30,3.09-6.19
2020-08-29,2020-08-29,Run,421,3.20724,1778,9.23951,6.49385,76,5219,349,29.633333333333333,20-30,3.09-6.19
2020-08-28,2020-08-28,Run,199,1.88253,1263,11.1756,5.36883,142,3051,140,21.05,20-30,0-3.09
2020-08-25,2020-08-25,Run,249,2.43445,1388,9.49868,6.31667,142,3759,200,23.133333333333333,20-30,0-3.09
2020-08-24,2020-08-24,Run,108,1.90316,1031,9.02118,6.65101,150,2703,142,17.183333333333334,0-20,0-3.09
2020-08-21,2020-08-21,Run,228,2.2788,1527,11.1549,5.37879,123,3576,188,25.45,20-30,0-3.09
2020-08-19,2020-08-19,Run,418,4.1932,3411,13.5549,4.42643,120,7331,436,56.85,50-100,3.09-6.19
2020-08-18,2020-08-18,Run,300,2.88836,1995,11.5078,5.21384,124,4703,237,33.25,30-50,0-3.09
2020-08-16,2020-08-16,Run,541,5.26198,3129,9.90536,6.05732,121,8416,486,52.15,50-100,3.09-6.19
2020-08-15,2020-08-15,Run,227,2.24318,1294,9.61246,6.2419,127,3477,184,21.566666666666666,20-30,0-3.09
2020-08-14,2020-08-14,Run,228,2.17275,1239,9.49474,6.31929,143,3364,172,20.65,20-30,0-3.09
2020-08-13,2020-08-13,Run,438,4.1942,2507,9.95384,6.02782,148,6733,437,41.78333333333333,30-50,3.09-6.19
2020-08-12,2020-08-12,Run,270,2.62635,1523,9.66021,6.21105,139,4094,220,25.383333333333333,20-30,0-3.09
2020-08-11,2020-08-11,Run,326,2.99495,1647,9.15512,6.55371,149,4476,245,27.45,20-30,0-3.09
2020-08-10,2020-08-10,Run,322,3.09892,1779,9.56569,6.27242,149,4834,268,29.65,20-30,3.09-6.19
2020-08-07,2020-08-07,Run,261,2.00418,1049,8.7216,6.87947,0,2797,153,17.483333333333334,0-20,0-3.09
2020-08-06,2020-08-06,Run,445,3.33938,1927,9.61694,6.23899,0,5057,362,32.11666666666667,30-50,3.09-6.19
2020-08-05,2020-08-05,Run,487,3.67523,2087,9.46746,6.3375,0,5265,403,34.78333333333333,30-50,3.09-6.19
2020-08-04,2020-08-04,Run,467,3.52458,1998,9.44449,6.35291,0,5350,384,33.3,30-50,3.09-6.19
2020-08-03,2020-08-03,Run,393,3.74324,2140,9.52119,6.30173,127,5766,406,35.666666666666664,30-50,3.09-6.19
2020-08-02,2020-08-02,Run,236,2.2376,1302,9.6963,6.18793,127,3499,180,21.7,20-30,0-3.09
2020-08-01,2020-08-01,Run,300,2.67652,1540,9.57699,6.26502,150,4155,226,25.666666666666668,20-30,0-3.09
2020-07-31,2020-07-31,Run,211,1.99807,1135,9.46294,6.34052,153,3047,149,18.916666666666668,0-20,0-3.09
2020-07-30,2020-07-30,Run,439,4.00011,2715,11.3054,5.30717,151,6478,415,45.25,30-50,3.09-6.19
2020-07-28,2020-07-28,Run,328,3.11424,1826,9.76135,6.14669,147,4926,331,30.433333333333334,30-50,3.09-6.19
2020-07-27,2020-07-27,Run,325,3.09108,1669,8.99597,6.66966,160,4501,254,27.816666666666666,20-30,3.09-6.19
2020-07-26,2020-07-26,Run,105,1.68766,998,9.8464,6.0936,152,2635,126,16.633333333333333,0-20,0-3.09
2020-07-24,2020-07-24,Run,312,2.85037,1638,9.57421,6.26684,156,4356,235,27.3,20-30,0-3.09
2020-07-23,2020-07-23,Run,385,3.48464,2070,9.89544,6.0634,159,5564,374,34.5,30-50,3.09-6.19
2020-07-21,2020-07-21,Run,213,2.01571,1122,9.27398,6.46971,151,3008,159,18.7,0-20,0-3.09
2020-07-20,2020-07-20,Run,232,2.05649,1157,9.36545,6.40653,157,3131,166,19.283333333333335,0-20,0-3.09
2020-07-17,2020-07-17,Run,118,1.15564,649,9.35036,6.41686,117,1728,87,10.816666666666666,0-20,0-3.09
2020-07-16,2020-07-16,Run,348,3.3416,1819,9.0707,6.6147,128,4894,364,30.316666666666666,30-50,3.09-6.19
2020-07-16,2020-07-13,Run,412,4.00193,2297,9.56305,6.27415,117,6253,417,38.28333333333333,30-50,3.09-6.19
2020-07-12,2020-07-12,Run,326,3.22346,1807,9.33957,6.42428,130,4845,352,30.116666666666667,30-50,3.09-6.19
2020-07-12,2020-07-10,Run,368,3.42976,2046,9.93849,6.03714,141,5506,371,34.1,30-50,3.09-6.19
2020-07-09,2020-07-09,Run,261,2.61991,1563,9.93407,6.03982,138,4211,215,26.05,20-30,0-3.09
2020-07-08,2020-07-08,Run,266,2.62585,1529,9.69665,6.1877,137,4178,218,25.483333333333334,20-30,0-3.09
2020-07-07,2020-07-07,Walk,104,0.979998,872,14.8299,4.04587,94,1887,48,14.533333333333333,0-20,0-3.09
2020-07-07,2020-07-07,Run,261,2.55559,1390,9.05961,6.6228,144,3798,209,23.166666666666668,20-30,0-3.09
2020-07-03,2020-07-03,Run,378,3.50588,2096,9.96072,6.02366,150,5711,379,34.93333333333333,30-50,3.09-6.19
2020-06-30,2020-06-30,Run,339,3.16702,1809,9.51708,6.30446,130,4963,342,30.15,30-50,3.09-6.19
2020-06-29,2020-06-29,Run,144,1.39681,810,9.65603,6.21373,146,2199,98,13.5,0-20,0-3.09
2020-06-29,2020-06-29,Run,189,1.80542,997,9.19295,6.52674,143,2704,134,16.616666666666667,0-20,0-3.09
2020-06-29,2020-06-29,Run,409,4.01264,2331,9.67935,6.19876,135,6347,419,38.85,30-50,3.09-6.19
2020-06-28,2020-06-28,Run,447,4.33846,2571,9.87126,6.07825,122,6954,447,42.85,30-50,3.09-6.19
2020-06-27,2020-06-27,Walk,33,0.296056,397,22.3259,2.68746,119,652,12,6.616666666666666,0-20,0-3.09
2020-06-27,2020-06-27,Run,535,5.05756,2863,9.42984,6.36278,149,7823,482,47.71666666666667,30-50,3.09-6.19
2020-06-26,2020-06-26,Walk,56,0.827829,969,19.4716,3.08141,80,1752,39,16.15,0-20,0-3.09
2020-06-26,2020-06-26,Run,63,0.581158,325,9.3187,6.43867,123,845,28,5.416666666666667,0-20,0-3.09
2020-06-26,2020-06-26,Walk,44,0.569707,645,18.8457,3.18375,91,1168,27,10.75,0-20,0-3.09
2020-06-26,2020-06-26,Run,321,3.09979,1762,9.46839,6.33688,130,4673,274,29.366666666666667,20-30,3.09-6.19
2020-06-26,2020-06-26,Run,60,0.562272,312,9.24196,6.49213,116,763,26,5.2,0-20,0-3.09
2020-06-25,2020-06-25,Run,496,4.62672,2633,9.48011,6.32904,145,7040,461,43.88333333333333,30-50,3.09-6.19
2020-06-24,2020-06-24,Run,438,4.05847,2187,8.97957,6.68183,150,5907,428,36.45,30-50,3.09-6.19
2020-06-23,2020-06-23,Run,822,7.82053,4546,9.68771,6.19341,130,12387,549,75.76666666666667,50-100,6.19-9.99
2020-06-21,2020-06-21,Walk,96,1.02353,1117,18.1728,3.30163,102,1920,69,18.616666666666667,0-20,0-3.09
2020-06-21,2020-06-21,Run,158,1.57442,815,8.61318,6.96607,144,2205,114,13.583333333333334,0-20,0-3.09
2020-06-20,2020-06-20,Run,517,5.01727,2964,9.84221,6.09619,129,7906,479,49.4,30-50,3.09-6.19
2020-06-19,2020-06-19,Run,518,4.74585,2816,9.8859,6.06925,148,7597,467,46.93333333333333,30-50,3.09-6.19
2020-06-18,2020-06-18,Walk,89,0.909091,1078,19.7415,3.03929,112,1587,44,17.966666666666665,0-20,0-3.09
2020-06-18,2020-06-18,Run,238,2.19627,1309,9.9233,6.04638,155,3454,174,21.816666666666666,20-30,0-3.09
2020-06-16,2020-06-16,Run,291,2.81977,1553,9.17202,6.54164,150,4146,232,25.883333333333333,20-30,0-3.09
2020-06-15,2020-06-15,Run,426,4.01711,2285,9.47501,6.33245,148,6202,424,38.083333333333336,30-50,3.09-6.19
2020-06-14,2020-06-14,Walk,311,2.99999,2717,15.0944,3.97497,87,3244,246,45.28333333333333,30-50,0-3.09
2020-06-14,2020-06-14,Run,754,7.02046,4187,9.93737,6.03782,151,11262,539,69.78333333333333,50-100,6.19-9.99
2020-06-14,2020-06-11,Run,797,7.26269,4140,9.49896,6.31648,154,11214,541,69.0,50-100,6.19-9.99
2020-06-08,2020-06-08,Run,439,4.01531,2317,9.61371,6.24109,151,6298,423,38.61666666666667,30-50,3.09-6.19
2020-06-07,2020-06-07,Run,152,1.09927,691,10.4635,5.7342,154,1863,79,11.516666666666667,0-20,0-3.09
2020-06-07,2020-06-07,Walk,23,0.24119,290,20.0012,2.99982,115,514,4,4.833333333333333,0-20,0-3.09
2020-06-07,2020-06-07,Run,256,1.99837,982,8.19148,7.32469,0,2685,150,16.366666666666667,0-20,0-3.09
2020-06-06,2020-06-06,Walk,118,1.20381,1506,20.5104,2.92534,114,2428,92,25.1,20-30,0-3.09
2020-06-06,2020-06-06,Run,584,5.33115,3167,9.89998,6.06062,153,8442,487,52.78333333333333,50-100,3.09-6.19
2020-06-05,2020-06-05,Walk,26,0.265723,322,20.1363,2.9797,117,558,9,5.366666666666666,0-20,0-3.09
2020-06-05,2020-06-05,Run,266,2.26711,1451,10.6561,5.63056,153,3893,186,24.183333333333334,20-30,0-3.09
2020-06-05,2020-06-05,Walk,54,0.497708,567,18.9454,3.16699,115,955,23,9.45,0-20,0-3.09
2020-06-05,2020-06-05,Run,468,4.41318,2491,9.40296,6.38097,153,6769,452,41.516666666666666,30-50,3.09-6.19
2020-06-04,2020-06-04,Run,109,1.01239,653,10.741,5.58607,150,1762,63,10.883333333333333,0-20,0-3.09
2020-06-04,2020-06-04,Walk,124,1.19157,1291,18.0468,3.32468,122,2342,91,21.516666666666666,20-30,0-3.09
2020-06-04,2020-06-04,Run,540,5.01784,2908,9.65541,6.21413,153,7851,480,48.46666666666667,30-50,3.09-6.19
2020-06-03,2020-06-03,Run,328,3.10389,1585,8.50594,7.05389,160,4350,300,26.416666666666668,20-30,3.09-6.19
2020-06-02,2020-06-02,Walk,298,2.82043,2623,15.4981,3.87145,122,5314,233,43.71666666666667,30-50,0-3.09
2020-06-02,2020-06-02,Run,142,1.03002,646,10.4512,5.74096,0,1755,71,10.766666666666667,0-20,0-3.09
2020-06-02,2020-06-02,Run,252,2.37912,1405,9.83612,6.09996,151,3849,194,23.416666666666668,20-30,0-3.09
2020-05-30,2020-05-30,Run,1508,13.4344,8767,10.874,5.51773,145,23604,568,146.11666666666667,100-150,13.1-26.2
2020-05-28,2020-05-28,Run,409,3.1,1744,9.37634,6.39908,142,4647,276,29.066666666666666,20-30,3.09-6.19
2020-05-27,2020-05-27,Run,897,8.34466,5055,10.095,5.94353,152,14073,552,84.25,50-100,6.19-9.99
2020-05-26,2020-05-26,Run,109,1.01081,608,10.0118,5.9929,149,1776,60,10.133333333333333,0-20,0-3.09
2020-05-26,2020-05-26,Run,118,1.16558,676,9.65166,6.21655,139,1953,88,11.266666666666667,0-20,0-3.09
2020-05-25,2020-05-25,Run,187,1.68258,1079,10.6738,5.62126,154,2980,125,17.983333333333334,0-20,0-3.09
2020-05-25,2020-05-25,Walk,108,1.11896,1585,23.5993,2.54245,111,2378,81,26.416666666666668,20-30,0-3.09
2020-05-25,2020-05-25,Run,666,6.00283,3529,9.7946,6.12583,154,9659,492,58.81666666666667,50-100,3.09-6.19
2020-05-24,2020-05-24,Run,676,6.5764,4916,12.4594,4.81565,133,10923,531,81.93333333333334,50-100,6.19-9.99
2020-05-22,2020-05-22,Run,95,0.854721,523,10.2003,5.8822,155,1437,40,8.716666666666667,0-20,0-3.09
2020-05-22,2020-05-22,Run,662,6.16699,3394,9.17063,6.54263,159,9378,497,56.56666666666667,50-100,3.09-6.19
2020-05-21,2020-05-21,Run,350,3.34658,1758,8.75487,6.85333,157,4948,365,29.3,20-30,3.09-6.19
2020-05-20,2020-05-20,Run,405,3.1,1698,9.12903,6.57244,142,4537,276,28.3,20-30,3.09-6.19
2020-05-19,2020-05-19,Run,401,3.1,1566,8.41935,7.12644,142,4221,276,26.1,20-30,3.09-6.19
2020-05-18,2020-05-18,Run,215,2.01634,1027,8.47451,7.08005,161,2899,160,17.116666666666667,0-20,0-3.09
2020-05-16,2020-05-16,Run,758,6.90749,4063,9.80314,6.12049,155,11290,535,67.71666666666667,50-100,6.19-9.99
2020-05-15,2020-05-15,Run,627,5.64537,3153,9.30672,6.44696,162,8721,489,52.55,50-100,3.09-6.19
2020-05-12,2020-05-12,Run,757,7.0162,3998,9.49357,6.32007,153,10975,538,66.63333333333334,50-100,6.19-9.99
2020-05-10,2020-05-09,Walk,114,1.06353,1437,22.494,2.66738,103,2320,77,23.95,20-30,0-3.09
2020-05-09,2020-05-09,Run,1063,10.0048,5645,9.40099,6.3823,154,15387,558,94.08333333333333,50-100,9.99-13.1
2020-05-06,2020-05-06,Run,487,4.54461,2496,9.1481,6.55874,156,7000,460,41.6,30-50,3.09-6.19
2020-05-04,2020-05-04,Run,370,3.52379,1882,8.89627,6.7444,152,5211,383,31.366666666666667,30-50,3.09-6.19
2020-05-03,2020-05-03,Walk,170,1.55597,3072,29.2215,2.05329,103,3372,111,51.2,50-100,0-3.09
2020-05-03,2020-05-03,Run,318,3.10472,1704,9.14506,6.56092,158,4801,304,28.4,20-30,3.09-6.19
2020-05-02,2020-05-02,Run,459,4.27343,2309,9.00306,6.6644,160,6298,443,38.483333333333334,30-50,3.09-6.19
2020-05-01,2020-05-01,Run,588,5.62947,3120,9.23378,6.49788,151,8617,488,52.0,50-100,3.09-6.19
2020-04-29,2020-04-29,Run,341,3.19937,1823,9.49687,6.31787,133,5060,347,30.383333333333333,30-50,3.09-6.19
2020-04-27,2020-04-27,Run,634,6.23399,3628,9.69842,6.18657,137,10080,517,60.46666666666667,50-100,6.19-9.99
2020-04-26,2020-04-26,Walk,72,0.889543,1358,25.4281,2.35959,76,1800,42,22.633333333333333,20-30,0-3.09
2020-04-26,2020-04-26,Run,409,4.02567,2200,9.1051,6.58971,124,6017,426,36.666666666666664,30-50,3.09-6.19
2020-04-25,2020-04-25,Walk,75,0.718409,825,19.0958,3.14206,116,1451,33,13.75,0-20,0-3.09
2020-04-25,2020-04-25,Run,412,4.03808,2074,8.55521,7.01327,155,5774,427,34.56666666666667,30-50,3.09-6.19
2020-04-24,2020-04-24,Run,512,4.8224,2543,8.78178,6.83233,159,6922,468,42.38333333333333,30-50,3.09-6.19
2020-04-22,2020-04-22,Run,461,4.34868,2353,9.01403,6.65629,148,6417,448,39.21666666666667,30-50,3.09-6.19
2020-04-22,2020-04-22,Run,446,4.20257,2333,9.2487,6.4874,150,6369,440,38.88333333333333,30-50,3.09-6.19
2020-04-21,2020-04-21,Run,436,4.19924,2207,8.75231,6.85533,158,5944,439,36.78333333333333,30-50,3.09-6.19
2020-04-20,2020-04-20,Walk,34,0.416069,606,24.2394,2.47531,91,830,20,10.1,0-20,0-3.09
2020-04-20,2020-04-20,Run,409,4.01328,2241,9.30193,6.45028,142,5986,420,37.35,30-50,3.09-6.19
2020-04-19,2020-04-19,Walk,100,1.00306,1119,18.5832,3.22872,107,2031,53,18.65,0-20,0-3.09
2020-04-19,2020-04-19,Run,846,8.01703,4808,9.99307,6.00416,149,12937,551,80.13333333333334,50-100,6.19-9.99
2020-04-18,2020-04-18,Run,167,1.573,881,9.32514,6.43422,163,2395,113,14.683333333333334,0-20,0-3.09
2020-04-18,2020-04-18,Walk,62,0.660433,702,17.7036,3.38914,121,1312,30,11.7,0-20,0-3.09
2020-04-18,2020-04-18,Run,506,4.53437,2585,9.49986,6.31588,158,7003,459,43.083333333333336,30-50,3.09-6.19
2020-04-16,2020-04-16,Run,663,5.1,2751,8.9902,6.67394,142,7362,483,45.85,30-50,3.09-6.19
2020-04-14,2020-04-14,Run,396,3.11,1504,8.06002,7.44415,142,4074,327,25.066666666666666,20-30,3.09-6.19
2020-04-11,2020-04-11,Walk,87,1.04164,1285,20.4691,2.93125,109,1871,75,21.416666666666668,20-30,0-3.09
2020-04-11,2020-04-11,Run,1377,13.12,7844,9.96334,6.02208,150,21427,566,130.73333333333332,100-150,13.1-26.2
2020-04-10,2020-04-10,Run,403,3.1,1631,8.76882,6.84243,142,4377,276,27.183333333333334,20-30,3.09-6.19
2020-04-07,2020-04-07,Run,420,4.10373,2274,9.23084,6.49995,149,6286,433,37.9,30-50,3.09-6.19
2020-04-06,2020-04-06,Run,25,0.248597,248,16.5395,3.62769,0,568,6,4.133333333333334,0-20,0-3.09
2020-04-06,2020-04-06,Run,316,3.1579,1566,8.25892,7.26488,156,4297,341,26.1,20-30,3.09-6.19
2020-04-05,2020-04-05,Run,428,4.1388,2227,8.96671,6.69142,155,6200,434,37.11666666666667,30-50,3.09-6.19
2020-04-04,2020-04-04,Walk,86,1.06341,964,15.0867,3.97701,123,1903,76,16.066666666666666,0-20,0-3.09
2020-04-04,2020-04-04,Run,19,0.178743,106,9.66416,6.20851,140,281,1,1.7666666666666666,0-20,0-3.09
2020-04-04,2020-04-04,Walk,98,1.00649,1103,18.2497,3.28773,119,2014,59,18.383333333333333,0-20,0-3.09
2020-04-04,2020-04-04,Run,787,7.55518,4005,8.83082,6.79439,166,11054,547,66.75,50-100,6.19-9.99
2020-04-02,2020-04-02,Run,404,3.1,1593,8.56452,7.00565,142,4286,276,26.55,20-30,3.09-6.19
2020-04-01,2020-04-01,Run,403,3.09756,1639,8.81608,6.80575,0,4395,261,27.316666666666666,20-30,3.09-6.19
2020-03-31,2020-03-31,Run,147,1.10442,634,9.56035,6.27592,0,1686,80,10.566666666666666,0-20,0-3.09
2020-03-31,2020-03-31,Run,259,2.00956,1009,8.36259,7.17482,0,2722,155,16.816666666666666,0-20,0-3.09
2020-03-30,2020-03-30,Run,403,3.1,1615,8.6828,6.91022,142,4338,276,26.916666666666668,20-30,3.09-6.19
2020-03-28,2020-03-28,Walk,43,0.50553,572,18.8407,3.18459,103,1041,24,9.533333333333333,0-20,0-3.09
2020-03-28,2020-03-28,Run,312,3.12592,1516,8.07784,7.42773,161,4197,334,25.266666666666666,20-30,3.09-6.19
2020-03-26,2020-03-26,Run,135,1.0,594,9.9,6.06061,142,1574,50,9.9,0-20,0-3.09
2020-03-26,2020-03-26,Run,130,1.0,537,8.95,6.70391,142,1438,50,8.95,0-20,0-3.09
2020-03-26,2020-03-26,Run,405,3.1,1689,9.08065,6.60746,142,4515,276,28.15,20-30,3.09-6.19
2020-03-25,2020-03-25,Run,522,4.0,2179,9.07917,6.60854,142,5825,414,36.31666666666667,30-50,3.09-6.19
2020-03-24,2020-03-24,Run,652,5.0,2718,9.06,6.62252,142,7268,475,45.3,30-50,3.09-6.19
2020-03-23,2020-03-23,Run,610,4.7,2400,8.51064,7.05,142,6461,464,40.0,30-50,3.09-6.19
2020-03-20,2020-03-20,Run,533,4.09898,2098,8.52945,7.03445,0,5733,432,34.96666666666667,30-50,3.09-6.19
2020-03-19,2020-03-19,Run,396,3.1,1508,8.10753,7.40053,142,4082,276,25.133333333333333,20-30,3.09-6.19
2020-03-18,2020-03-18,Run,402,3.10386,1575,8.45398,7.09725,0,4243,299,26.25,20-30,3.09-6.19
2020-03-17,2020-03-17,Run,522,4.0,2183,9.09583,6.59643,142,5835,414,36.38333333333333,30-50,3.09-6.19
2020-03-16,2020-03-16,Run,394,3.1,1489,8.00538,7.49496,142,4037,276,24.816666666666666,20-30,3.09-6.19
2020-03-15,2020-03-15,Run,423,3.2,1800,9.375,6.4,142,4796,348,30.0,30-50,3.09-6.19
2020-03-14,2020-03-14,Run,457,3.51,1800,8.54701,7.02,142,4844,381,30.0,30-50,3.09-6.19
2020-03-13,2020-03-13,Run,459,3.54,1800,8.47458,7.08,142,4848,385,30.0,30-50,3.09-6.19
2020-03-11,2020-03-11,Run,467,3.64,1800,8.24176,7.28,142,4864,400,30.0,30-50,3.09-6.19
2020-03-10,2020-03-10,Run,467,3.63,1800,8.26446,7.26,142,4862,399,30.0,30-50,3.09-6.19
2020-03-09,2020-03-09,Run,452,3.47,1800,8.64553,6.94,142,4838,373,30.0,30-50,3.09-6.19
2020-03-08,2020-03-08,Run,390,3.1,1466,7.88172,7.61255,142,3982,276,24.433333333333334,20-30,3.09-6.19
2020-03-07,2020-03-07,Run,756,7.50011,4009,8.90541,6.73748,157,10882,544,66.81666666666666,50-100,6.19-9.99
2020-03-06,2020-03-06,Run,477,3.75,1800,8.0,7.5,142,4881,408,30.0,30-50,3.09-6.19
2020-03-05,2020-03-05,Run,468,3.65,1800,8.21918,7.3,142,4865,401,30.0,30-50,3.09-6.19
2020-03-04,2020-03-04,Run,467,3.63,1800,8.26446,7.26,142,4862,399,30.0,30-50,3.09-6.19
2020-03-03,2020-03-03,Run,400,3.1,1551,8.33871,7.19536,142,4185,276,25.85,20-30,3.09-6.19
2020-03-02,2020-03-02,Run,431,3.31,1731,8.71601,6.88388,142,4648,359,28.85,20-30,3.09-6.19
2020-03-01,2020-03-01,Run,397,3.1,1518,8.16129,7.35178,142,4149,276,25.3,20-30,3.09-6.19
2020-02-29,2020-02-29,Run,468,3.65,1800,8.21918,7.3,142,4865,401,30.0,30-50,3.09-6.19
2020-02-26,2020-02-26,Run,178,1.4,674,8.02381,7.47774,142,1587,99,11.233333333333333,0-20,0-3.09
2020-02-26,2020-02-26,Run,403,3.1,1637,8.80107,6.81735,142,4391,276,27.283333333333335,20-30,3.09-6.19
2020-02-24,2020-02-24,Run,403,3.1,1648,8.86022,6.77184,142,4417,276,27.466666666666665,20-30,3.09-6.19
2020-02-23,2020-02-23,Run,292,3.09871,1475,7.9325,7.56382,164,4063,267,24.583333333333332,20-30,3.09-6.19
2020-02-22,2020-02-22,Run,399,3.1,1544,8.301075268817204,7.227979274611399,142,4169,276,25.733333333333334,20-30,3.09-6.19
2020-02-21,2020-02-21,Run,461,3.56,1800,8.42696629213483,7.120000000000001,142,4851,390,30.0,30-50,3.09-6.19
2020-02-20,2020-02-20,Run,949,7.32,3720,8.46994,7.08387,142,10021,542,62.0,50-100,6.19-9.99
2020-02-18,2020-02-18,Run,450,3.46,1800,8.67052,6.92,142,4836,372,30.0,30-50,3.09-6.19
2020-02-17,2020-02-17,Run,403,3.1,1645,8.84409,6.78419,142,4410,276,27.416666666666668,20-30,3.09-6.19
2020-02-16,2020-02-16,Run,403,3.1,1613,8.67204,6.91879,142,4350,276,26.883333333333333,20-30,3.09-6.19
2020-02-15,2020-02-15,Run,506,3.89,2014,8.62896,6.95333,142,5414,411,33.56666666666667,30-50,3.09-6.19
2020-02-12,2020-02-12,Run,437,3.36,1791,8.88393,6.75377,142,4799,366,29.85,20-30,3.09-6.19
2020-02-11,2020-02-11,Run,419,3.15,1800,9.52381,6.3,142,4789,338,30.0,30-50,3.09-6.19
2020-02-09,2020-02-09,Run,422,3.19,1800,9.40439,6.38,142,4795,346,30.0,30-50,3.09-6.19
2020-02-05,2020-02-05,Run,424,3.22,1800,9.31677,6.44,142,4799,351,30.0,30-50,3.09-6.19
2020-02-05,2020-02-04,Run,472,3.52,2065,9.77746,6.13656,142,5479,382,34.416666666666664,30-50,3.09-6.19
2020-02-02,2020-02-02,Run,407,3.13,1675,8.91906,6.72716,142,4486,335,27.916666666666668,20-30,3.09-6.19
2020-01-29,2020-01-29,Run,486,3.61,2133,9.84765,6.09283,142,5656,396,35.55,30-50,3.09-6.19
2020-01-28,2020-01-28,Run,631,4.86,2609,8.94719,6.70602,142,6986,470,43.483333333333334,30-50,3.09-6.19
2020-01-27,2020-01-27,Run,464,3.38,2100,10.355,5.79429,142,5541,367,35.0,30-50,3.09-6.19
2020-01-26,2020-01-26,Run,462,3.36,2100,10.4167,5.76,142,5538,366,35.0,30-50,3.09-6.19
2020-01-25,2020-01-25,Run,460,3.33,2100,10.5105,5.70857,142,5534,361,35.0,30-50,3.09-6.19
2020-01-24,2020-01-24,Run,473,3.49,2100,10.0287,5.98286,142,5558,375,35.0,30-50,3.09-6.19
2020-01-20,2020-01-20,Run,585,4.21,2704,10.7047,5.60503,142,7113,441,45.06666666666667,30-50,3.09-6.19
2020-01-18,2020-01-18,Run,451,3.22,2100,10.8696,5.52,142,5517,351,35.0,30-50,3.09-6.19
2020-01-18,2020-01-17,Run,469,3.4,2143,10.5049,5.71162,142,5647,369,35.71666666666667,30-50,3.09-6.19
2020-01-18,2020-01-16,Run,393,2.89,1754,10.1153,5.93158,142,4639,239,29.233333333333334,20-30,0-3.09
2020-01-17,2020-01-16,Walk,401,2.95,2100,11.8644,5.05714,142,5004,243,35.0,30-50,0-3.09
2020-01-11,2020-01-11,Walk,204,2.02,1869,15.4208,3.89085,142,3883,161,31.15,30-50,0-3.09
2020-01-11,2020-01-11,Run,452,3.26,2077,10.6186,5.65046,142,5468,355,34.61666666666667,30-50,3.09-6.19
2020-01-10,2020-01-10,Run,461,3.27,2173,11.0754,5.4174,142,5699,357,36.21666666666667,30-50,3.09-6.19
2020-01-10,2020-01-08,Run,465,3.4,2100,10.2941,5.82857,142,5544,369,35.0,30-50,3.09-6.19
2020-01-08,2020-01-08,Run,465,3.39,2100,10.3245,5.81143,142,5531,368,35.0,30-50,3.09-6.19
2020-01-08,2020-01-06,Run,402,2.92,2100,11.9863,5.00571,142,5471,242,35.0,30-50,0-3.09
2020-01-05,2020-01-05,Run,480,3.57,2100,9.803921568627452,6.119999999999999,142,5570,393,35.0,30-50,3.09-6.19
2020-01-05,2020-01-04,Run,476,3.52,2112,10.0,6.0,142,5592,382,35.2,30-50,3.09-6.19
2020-01-01,2020-01-01,Run,403,3.10152,1670,8.96649,6.69158,0,4573,290,27.833333333333332,20-30,3.09-6.19
2019-12-30,2019-12-30,Run,476,3.62517,2003,9.20792,6.51613,148,5478,398,33.38333333333333,30-50,3.09-6.19
2019-12-28,2019-12-28,Run,182,1.50258,1249,13.8479,4.33279,123,2376,105,20.816666666666666,20-30,0-3.09
2019-12-28,2019-12-28,Run,205,1.57658,840,8.88596,6.75223,0,2258,115,14.0,0-20,0-3.09
2019-12-27,2019-12-27,Run,414,3.09671,1796,9.66386,6.2087,146,4806,257,29.933333333333334,20-30,3.09-6.19
2019-12-25,2019-12-25,Run,403,3.0997,1623,8.72735,6.87494,0,4393,273,27.05,20-30,3.09-6.19
2019-12-20,2019-12-20,Run,441,3.1,2102,11.3011,5.30923,142,5503,276,35.03333333333333,30-50,3.09-6.19
2019-11-29,2019-11-29,Run,403,3.10145,1628,8.75214,6.85546,161,4482,289,27.133333333333333,20-30,3.09-6.19
2019-11-28,2019-11-28,Run,407,3.00061,1810,10.0527,5.96855,0,4823,248,30.166666666666668,30-50,0-3.09
2019-11-18,2019-11-18,Run,268,2.06282,1089,8.80115,6.81729,0,2944,167,18.15,0-20,0-3.09
2019-11-12,2019-11-12,Run,438,3.17,2006,10.5468,5.68893,169,8,343,33.43333333333333,30-50,3.09-6.19
2019-11-10,2019-11-10,Walk,267,1.94,1399,12.0189,4.99214,142,3310,144,23.316666666666666,20-30,0-3.09
2019-11-10,2019-11-09,Run,316,2.5,2026,13.5067,4.44225,142,5229,207,33.766666666666666,30-50,0-3.09
2019-11-03,2019-11-03,Run,412,3.0,1873,10.4056,5.76615,142,4940,247,31.216666666666665,30-50,0-3.09
2019-11-02,2019-11-02,Run,440,3.09,2100,11.3269,5.29714,142,5497,253,35.0,30-50,3.09-6.19
2019-10-27,2019-10-27,Walk,134,0.950724,2578,45.1156,1.32992,0,1575,46,42.96666666666667,30-50,0-3.09
2019-10-27,2019-10-27,Run,258,2.00666,998,8.285,7.242,0,2704,154,16.633333333333333,0-20,0-3.09
2019-10-26,2019-10-26,Run,355,2.67286,2040,12.7086,4.72121,144,4126,225,34.0,30-50,0-3.09
2019-10-22,2019-10-22,Run,262,2.01198,1066,8.82049,6.80234,158,2847,158,17.766666666666666,0-20,0-3.09
2019-10-19,2019-10-19,Run,254,2.465,2330,15.7462,3.81045,119,3406,203,38.833333333333336,30-50,0-3.09
2019-10-14,2019-10-14,Run,221,1.71474,858,8.33538,7.19823,153,2369,129,14.3,0-20,0-3.09
2019-10-06,2019-10-06,Walk,225,1.44034,4696,54.3051,1.10487,0,6328,102,78.26666666666667,50-100,0-3.09
2019-10-06,2019-10-06,Run,202,1.59109,761,7.9679,7.53021,0,2064,116,12.683333333333334,0-20,0-3.09
2019-10-05,2019-10-05,Run,364,3.26,2832,14.4785,4.14407,142,7274,355,47.2,30-50,3.09-6.19
2019-09-29,2019-09-29,Run,297,2.18704,1321,10.0629,5.9625,0,3188,173,22.016666666666666,20-30,0-3.09
2019-09-22,2019-09-22,Run,243,2.08307,1768,14.1264,4.24736,117,3555,169,29.466666666666665,20-30,0-3.09
2019-09-15,2019-09-15,Walk,105,1.02124,979,15.9494,3.76189,0,1908,68,16.316666666666666,0-20,0-3.09
2019-09-15,2019-09-15,Run,118,0.907727,476,8.73148,6.87169,0,1281,43,7.933333333333334,0-20,0-3.09
2019-09-14,2019-09-14,Walk,169,1.65895,1697,16.9235,3.54536,0,3008,121,28.283333333333335,20-30,0-3.09
2019-09-12,2019-09-12,Run,332,2.60421,2099,13.3185,4.50501,0,4530,214,34.983333333333334,30-50,0-3.09
2019-09-12,2019-09-09,Run,177,1.83844,1184,10.7259,5.59392,122,2809,136,19.733333333333334,0-20,0-3.09
2019-09-07,2019-09-07,Run,398,3.01258,1700,9.40501,6.37958,142,3209,250,28.333333333333332,20-30,0-3.09
2019-09-04,2019-09-04,Run,235,2.50606,1488,9.82616,6.10615,141,3772,208,24.8,20-30,0-3.09
2019-08-31,2019-08-31,Run,520,4.27823,3708,14.4002,4.16662,130,7187,444,61.8,50-100,3.09-6.19
2019-08-30,2019-08-30,Walk,118,1.17042,1258,17.7964,3.37147,128,2386,89,20.966666666666665,20-30,0-3.09
2019-08-30,2019-08-30,Run,193,1.5055,739,8.1748,7.33963,164,2081,107,12.316666666666666,0-20,0-3.09
2019-08-25,2019-08-25,Run,415,3.23456,2596,13.3739,4.48636,97,5272,354,43.266666666666666,30-50,3.09-6.19
2019-08-24,2019-08-24,Run,527,4.00439,2236,9.3059,6.44752,0,6278,418,37.266666666666666,30-50,3.09-6.19
2019-08-24,2019-08-24,Walk,129,1.24347,1904,25.168,2.38398,0,3188,94,31.733333333333334,30-50,0-3.09
2019-08-22,2019-08-22,Walk,167,1.70459,2247,21.6097,2.77653,0,3985,127,37.45,30-50,0-3.09
2019-08-22,2019-08-22,Run,402,3.09616,1639,8.81727,6.80483,0,4395,255,27.316666666666666,20-30,3.09-6.19
2019-08-22,2019-08-21,Walk,39,0.400536,475,19.7299,3.04108,0,880,19,7.916666666666667,0-20,0-3.09
2019-08-21,2019-08-21,Run,153,1.12282,682,10.1118,5.93365,0,1803,83,11.366666666666667,0-20,0-3.09
2019-08-21,2019-08-21,Walk,35,0.349678,373,17.756,3.37913,0,725,15,6.216666666666667,0-20,0-3.09
2019-08-21,2019-08-21,Run,218,1.67618,859,8.5451,7.02157,0,2312,123,14.316666666666666,0-20,0-3.09
2019-08-20,2019-08-21,Run,506,3.68,2649,11.9973,5.00113,142,6900,404,44.15,30-50,3.09-6.19
2019-08-18,2019-08-18,Run,131,1.00414,523,8.67137,6.91932,0,1436,55,8.716666666666667,0-20,0-3.09
2019-08-18,2019-08-18,Run,130,1.00395,503,8.34428,7.19055,0,1375,54,8.383333333333333,0-20,0-3.09
2019-08-15,2019-08-15,Walk,152,0.961051,3201,55.4282,1.08248,0,1861,47,53.35,50-100,0-3.09
2019-08-15,2019-08-15,Run,342,2.62597,1351,8.5654,7.00493,151,3605,219,22.516666666666666,20-30,0-3.09
2019-08-14,2019-08-14,Walk,111,1.11988,1262,18.7425,3.20128,0,2392,82,21.033333333333335,20-30,0-3.09
2019-08-14,2019-08-14,Run,405,3.09845,1698,9.13308,6.56953,0,4537,266,28.3,20-30,3.09-6.19
2019-08-13,2019-08-13,Walk,66,0.553178,1066,32.0971,1.86933,0,1650,25,17.766666666666666,0-20,0-3.09
2019-08-13,2019-08-13,Run,403,3.10062,1636,8.79706,6.82046,0,4389,279,27.266666666666666,20-30,3.09-6.19
2019-08-11,2019-08-11,Walk,217,1.86266,3370,30.1211,1.99196,0,5323,137,56.166666666666664,50-100,0-3.09
2019-08-11,2019-08-11,Run,403,3.09762,1631,8.76882,6.84243,0,4376,262,27.183333333333334,20-30,3.09-6.19
2019-08-10,2019-08-10,Walk,96,0.983619,1301,21.9231,2.73684,0,2304,49,21.683333333333334,20-30,0-3.09
2019-08-10,2019-08-10,Run,51,0.393204,206,8.75291,6.85487,0,553,18,3.433333333333333,0-20,0-3.09
2019-08-10,2019-08-10,Walk,116,0.747039,2389,53.2312,1.12716,0,3233,35,39.81666666666667,30-50,0-3.09
2019-08-10,2019-08-10,Run,130,1.001,507,8.44599,7.10396,0,1366,52,8.45,0-20,0-3.09
2019-08-20,2019-08-08,Walk,19,0.260228,241,15.3583,3.90667,117,438,8,4.016666666666667,0-20,0-3.09
2019-08-08,2019-08-08,Run,197,2.27373,1077,7.88945,7.60509,157,2958,187,17.95,0-20,0-3.09
2019-08-07,2019-08-07,Walk,97,0.826182,1537,30.8222,1.94665,0,2406,37,25.616666666666667,20-30,0-3.09
2019-08-07,2019-08-07,Run,26,0.197591,113,9.4214,6.36848,0,301,2,1.8833333333333333,0-20,0-3.09
2019-08-04,2019-08-04,Walk,253,2.57569,3449,22.307,2.68974,0,6079,210,57.483333333333334,50-100,0-3.09
2019-08-03,2019-08-03,Walk,265,2.0322,1602,13.1303,4.56957,0,3612,163,26.7,20-30,0-3.09
2019-08-03,2019-08-03,Walk,72,0.209153,1567,123.477,0.48592,0,1856,3,26.116666666666667,20-30,0-3.09
2019-08-03,2019-08-03,Run,409,3.09894,1738,9.34178,6.42276,142,4632,269,28.966666666666665,20-30,3.09-6.19
2019-08-01,2019-08-01,Walk,145,1.4462,1572,18.0376,3.32638,0,3027,103,26.2,20-30,0-3.09
2019-08-01,2019-08-01,Run,240,1.83082,1005,9.14725,6.55935,0,2685,135,16.75,0-20,0-3.09
2019-07-30,2019-07-30,Run,266,2.0421,1054,8.59738,6.97887,0,2834,165,17.566666666666666,0-20,0-3.09
2019-07-29,2019-07-29,Walk,114,1.15166,1281,18.447,3.25256,0,2342,86,21.35,20-30,0-3.09
2019-07-29,2019-07-29,Run,131,1.01108,537,8.83588,6.7905,0,1459,62,8.95,0-20,0-3.09
2019-07-28,2019-07-28,Walk,183,1.89353,2285,20.0909,2.98642,0,4204,141,38.083333333333336,30-50,0-3.09
2019-07-28,2019-07-28,Run,183,1.4023,724,8.59369,6.98186,0,1947,100,12.066666666666666,0-20,0-3.09
2019-07-27,2019-07-27,Walk,407,4.19653,5004,19.8719,3.01934,0,9253,438,83.4,50-100,3.09-6.19
2019-07-25,2019-07-25,Run,407,3.09664,1720,9.25753,6.48121,0,4711,256,28.666666666666668,20-30,3.09-6.19
2019-07-23,2019-07-23,Run,419,3.09725,1859,10.0011,5.99934,0,5096,259,30.983333333333334,30-50,3.09-6.19
2019-07-21,2019-07-21,Walk,97,1.00093,1190,19.7862,3.03241,0,2119,51,19.833333333333332,0-20,0-3.09
2019-07-21,2019-07-21,Run,354,2.62644,1557,9.87488,6.07603,0,4214,221,25.95,20-30,0-3.09
2019-07-21,2019-07-21,Run,66,0.486316,289,9.87221,6.07767,0,753,22,4.816666666666666,0-20,0-3.09
2019-07-21,2019-07-21,Walk,111,1.07539,986,15.2632,3.93103,0,1873,78,16.433333333333334,0-20,0-3.09
2019-07-20,2019-07-20,Walk,199,2.03689,2644,21.6308,2.77383,0,4144,164,44.06666666666667,30-50,0-3.09
2019-07-20,2019-07-20,Run,133,1.00456,572,9.48476,6.32594,0,1564,58,9.533333333333333,0-20,0-3.09
2019-07-20,2019-07-20,Walk,36,0.365521,453,20.5981,2.91289,0,720,17,7.55,0-20,0-3.09
2019-07-20,2019-07-20,Run,130,1.00421,512,8.48981,7.06729,0,1379,56,8.533333333333333,0-20,0-3.09
2019-07-20,2019-07-20,Walk,9,0.0905981,95,17.404,3.44748,0,166,0,1.5833333333333333,0-20,0-3.09
2019-07-18,2019-07-18,Walk,71,0.713012,774,18.0601,3.32225,0,1431,32,12.9,0-20,0-3.09
2019-07-18,2019-07-18,Run,295,2.20504,1288,9.73478,6.16347,0,3487,175,21.466666666666665,20-30,0-3.09
2019-07-17,2019-07-17,Walk,35,0.359911,420,19.0447,3.15048,0,780,16,7.0,0-20,0-3.09
2019-07-17,2019-07-17,Run,429,3.20796,1863,9.67486,6.20164,0,5090,350,31.05,30-50,3.09-6.19
2019-07-16,2019-07-16,Walk,35,0.347854,388,18.5576,3.23317,120,698,14,6.466666666666667,0-20,0-3.09
2019-07-16,2019-07-16,Run,135,1.01098,586,9.63964,6.2243,0,1573,61,9.766666666666667,0-20,0-3.09
2019-07-16,2019-07-16,Run,136,1.02663,583,9.46621,6.33833,0,1564,70,9.716666666666667,0-20,0-3.09
2019-07-14,2019-07-14,Walk,85,0.870482,1007,19.2654,3.1144,0,1748,41,16.783333333333335,0-20,0-3.09
2019-07-14,2019-07-14,Walk,88,0.909179,1117,20.4536,2.93347,0,1770,45,18.616666666666667,0-20,0-3.09
2019-07-14,2019-07-14,Run,228,1.67796,1020,10.1262,5.92521,0,2544,124,17.0,0-20,0-3.09
2019-08-20,2019-07-13,Walk,101,1.1325,1217,17.8725,3.35711,129,2168,84,20.283333333333335,20-30,0-3.09
2019-07-13,2019-07-13,Run,207,2.43352,1357,9.28996,6.45858,156,3709,199,22.616666666666667,20-30,0-3.09
2019-07-12,2019-07-12,Run,193,1.5037,743,8.2246,7.29519,0,2010,106,12.383333333333333,0-20,0-3.09
2019-07-12,2019-07-12,Walk,166,1.66542,1831,18.0872,3.31727,0,3231,122,30.516666666666666,30-50,0-3.09
2019-07-11,2019-07-11,Walk,126,1.25202,1843,24.5021,2.44877,0,2382,95,30.716666666666665,30-50,0-3.09
2019-07-11,2019-07-11,Run,411,3.09738,1765,9.49498,6.31913,0,4769,260,29.416666666666668,20-30,3.09-6.19
2019-08-20,2019-07-10,Run,198,2.24595,1055,7.82439,7.66832,164,2934,185,17.583333333333332,0-20,0-3.09
2019-07-10,2019-07-10,Run,283,2.24,1065,7.92411,7.57183,142,2891,183,17.75,0-20,0-3.09
2019-07-10,2019-07-10,Walk,111,1.13576,1241,18.1594,3.30408,108,2249,85,20.683333333333334,20-30,0-3.09
2019-07-10,2019-07-10,Walk,20,0.299202,268,14.9265,4.01971,95,488,13,4.466666666666667,0-20,0-3.09
2019-07-09,2019-07-09,Walk,149,1.19,970,13.5854,4.41649,142,2149,90,16.166666666666668,0-20,0-3.09
2019-07-09,2019-07-09,Run,267,2.01,1153,9.56053,6.2758,142,3066,156,19.216666666666665,0-20,0-3.09
2019-07-08,2019-07-08,Walk,28,0.2892,333,19.0473,3.15005,0,567,11,5.55,0-20,0-3.09
2019-07-08,2019-07-08,Walk,134,1.01344,575,9.45971,6.34269,0,827,66,9.583333333333334,0-20,0-3.09
2019-08-20,2019-07-07,Walk,101,1.01247,1011,16.6398,3.60581,114,1834,64,16.85,0-20,0-3.09
2019-07-07,2019-07-07,Walk,123,1.22552,1336,18.1575,3.30441,0,2401,93,22.266666666666666,20-30,0-3.09
2019-07-07,2019-07-07,Walk,110,1.04,926,14.8397,4.0432,142,1961,74,15.433333333333334,0-20,0-3.09
2019-07-07,2019-07-07,Run,101,1.03729,549,8.80963,6.81073,148,1487,72,9.15,0-20,0-3.09
2019-07-06,2019-07-06,Walk,205,2.78655,2142,12.8032,4.68634,116,3723,229,35.7,30-50,0-3.09
2019-07-06,2019-07-06,Run,164,1.51981,830,9.08742,6.60254,160,2212,109,13.833333333333334,0-20,0-3.09
2019-07-05,2019-07-05,Walk,153,1.64256,1644,16.6674,3.59984,128,3063,120,27.4,20-30,0-3.09
2019-07-05,2019-07-05,Run,156,1.51879,843,9.24391,6.49076,160,2313,108,14.05,0-20,0-3.09
2019-08-20,2019-07-04,Walk,161,1.60894,1942,20.0826,2.98766,120,3103,118,32.36666666666667,30-50,0-3.09
2019-07-04,2019-07-04,Run,156,1.53185,816,8.87755,6.75862,159,2215,110,13.6,0-20,0-3.09
2019-07-02,2019-07-02,Walk,88,1.00441,1121,18.5235,3.23912,118,2007,57,18.683333333333334,0-20,0-3.09
2019-07-02,2019-07-02,Run,95,1.01804,552,9.01609,6.65477,148,1439,67,9.2,0-20,0-3.09
2019-07-01,2019-07-01,Walk,184,1.8,1762,16.3148,3.67764,142,3562,133,29.366666666666667,20-30,0-3.09
2019-06-29,2019-06-29,Walk,138,1.47282,1966,22.1666,2.70677,123,2363,104,32.766666666666666,30-50,0-3.09
2019-06-29,2019-06-29,Run,118,1.26504,693,9.13247,6.56996,150,1824,96,11.55,0-20,0-3.09
2019-06-28,2019-06-28,Walk,351,3.41,3226,15.7674,3.80533,142,6630,370,53.766666666666666,50-100,3.09-6.19
2019-06-25,2019-06-25,Walk,345,3.36,3278,16.2599,3.69005,142,6638,366,54.63333333333333,50-100,3.09-6.19
2019-06-24,2019-06-24,Walk,318,3.1,2996,16.1075,3.72497,142,6,276,49.93333333333333,30-50,3.09-6.19
2019-06-17,2019-06-17,Walk,250,2.43,2330,15.9808,3.75451,142,4725,198,38.833333333333336,30-50,0-3.09
2019-06-16,2019-06-16,Run,238,2.33,2307,16.5021,3.63589,142,5811,189,38.45,30-50,0-3.09
2019-06-14,2019-06-14,Walk,323,3.15,3080,16.2963,3.68182,142,6202,338,51.333333333333336,50-100,3.09-6.19
2019-06-12,2019-06-12,Run,215,2.09,1962,15.6459,3.83486,111,3819,170,32.7,30-50,0-3.09
2019-06-11,2019-06-11,Walk,106,1.04,1045,16.7468,3.58278,142,1831,74,17.416666666666668,0-20,0-3.09
2019-06-10,2019-06-10,Walk,299,2.77861,2458,14.7358,4.07172,0,4676,228,40.96666666666667,30-50,0-3.09
2019-06-09,2019-06-09,Walk,293,2.88,2986,17.2801,3.4722,73,5876,236,49.766666666666666,30-50,0-3.09
2019-06-08,2019-06-08,Run,190,1.57283,1307,13.8431,4.33429,116,2729,112,21.783333333333335,20-30,0-3.09
2019-06-06,2019-06-06,Walk,321,3.13,3064,16.3152,3.67755,142,55,335,51.06666666666667,50-100,3.09-6.19
2019-06-05,2019-06-05,Walk,249,2.21734,1921,14.4337,4.15693,110,3887,176,32.016666666666666,30-50,0-3.09
2019-06-03,2019-06-03,Walk,309,2.99,2764,15.4069,3.89436,142,5745,244,46.06666666666667,30-50,0-3.09
2019-06-02,2019-06-02,Walk,316,3.1,3180,17.0968,3.50943,142,6289,276,53.0,50-100,3.09-6.19
2019-05-30,2019-05-30,Walk,307,3.1,2866,15.4086,3.89393,142,6104,276,47.766666666666666,30-50,3.09-6.19
2019-05-28,2019-05-28,Walk,248,2.22093,1886,14.1557,4.23856,102,3708,178,31.433333333333334,30-50,0-3.09
2019-05-27,2019-05-27,Walk,322,2.21864,3541,26.3649,2.27575,93,6149,177,59.016666666666666,50-100,0-3.09
2019-05-27,2019-05-23,Walk,266,2.62122,1946,12.3626,4.85336,136,4074,217,32.43333333333333,30-50,0-3.09
2019-05-19,2019-05-19,Run,419,3.11075,2197,11.6946,5.13058,139,5295,328,36.61666666666667,30-50,3.09-6.19
2019-05-15,2019-05-15,Indoor Run / Jog,403,3.13,2344,12.4814,4.80717,142,6926,335,39.06666666666667,30-50,3.09-6.19
2019-05-13,2019-05-13,Run,258,1.96155,1214,10.3169,5.81568,0,3209,145,20.233333333333334,20-30,0-3.09
2019-05-13,2019-05-13,Indoor Run / Jog,191,1.42,927,10.8803,5.51456,158,67,101,15.45,0-20,0-3.09
